,question,page_id,document
0,Почему не могу получить справку-вызов?,86478987,"Сформировать справку - вызов Вы можете самостоятельно в личном кабинете на портале "" Вместе "" https : / / vmeste. utmn. ru / login ( раздел "" Обучение "" = > "" Справки "" ). После присвоения Вашей заявке статуса "" Выполнено "" на почту ed @ utmn. ru необходимо сообщить о способе, которым Вы планируете забрать готовую справку. ВАЖНО! На основании ст. 173 Трудового кодекса РФ и п. 4. 5. Положения о текущем контроле успеваемости и промежуточной аттестации обучающихся ФГАОУ ВО ТюмГУ справка - вызов на текущую сессию студентам заочной формы обучения оформляется только при успешной сдаче предыдущей сессии и предоставляется до начала сессии. При наличии академической задолженности за предыдущую сессию, справка - вызов не предоставляется."
1,Как получить справку-вызов?,86478987,"Сформировать справку - вызов Вы можете самостоятельно в личном кабинете на портале "" Вместе "" https : / / vmeste. utmn. ru / login ( раздел "" Обучение "" = > "" Справки "" ). После присвоения Вашей заявке статуса "" Выполнено "" на почту ed @ utmn. ru необходимо сообщить о способе, которым Вы планируете забрать готовую справку. ВАЖНО! На основании ст. 173 Трудового кодекса РФ и п. 4. 5. Положения о текущем контроле успеваемости и промежуточной аттестации обучающихся ФГАОУ ВО ТюмГУ справка - вызов на текущую сессию студентам заочной формы обучения оформляется только при успешной сдаче предыдущей сессии и предоставляется до начала сессии. При наличии академической задолженности за предыдущую сессию, справка - вызов не предоставляется."
2,Где получить справку-вызов?,86478987,"Сформировать справку - вызов Вы можете самостоятельно в личном кабинете на портале "" Вместе "" https : / / vmeste. utmn. ru / login ( раздел "" Обучение "" = > "" Справки "" ). После присвоения Вашей заявке статуса "" Выполнено "" на почту ed @ utmn. ru необходимо сообщить о способе, которым Вы планируете забрать готовую справку. ВАЖНО! На основании ст. 173 Трудового кодекса РФ и п. 4. 5. Положения о текущем контроле успеваемости и промежуточной аттестации обучающихся ФГАОУ ВО ТюмГУ справка - вызов на текущую сессию студентам заочной формы обучения оформляется только при успешной сдаче предыдущей сессии и предоставляется до начала сессии. При наличии академической задолженности за предыдущую сессию, справка - вызов не предоставляется."
3,Где взять справку для военкомата?,86478990,"Вам необходимо обратиться в Отдел мобилизационной подготовки по адресу : ул. Перекопская, 15А каб. 408 Телефон : ( 3452 ) 59 - 75 - 83"
4,Как получить отсрочку от армии?,86478990,"Вам необходимо обратиться в Отдел мобилизационной подготовки по адресу : ул. Перекопская, 15А каб. 408 Телефон : ( 3452 ) 59 - 75 - 83"
5,Где получить информацию о справке в военкомат?,86478990,"Вам необходимо обратиться в Отдел мобилизационной подготовки по адресу : ул. Перекопская, 15А каб. 408 Телефон : ( 3452 ) 59 - 75 - 83"
6,"что делать, если военкомат просит справку?",86478990,"Вам необходимо обратиться в Отдел мобилизационной подготовки по адресу : ул. Перекопская, 15А каб. 408 Телефон : ( 3452 ) 59 - 75 - 83"
7,Как получить справку об обучении заочнику?,86478992,"Студенты очной формы обучения оформляют справку о подтверждении обучения самостоятельно с помощью магнитной карты в любом из терминалов, расположенных на территории Университета : в холле 1 этажа Единого деканата ( ул. Семакова, д. 18 ), Школы компьютерных наук ( ул. Перекопская, д. 15а ), Института государства и права ( ул. Ленина, д. 38 ), Финансово - экономического института ( ул. Ленина, 16 ), Школы образования ( проезд 9 Мая, д. 5 ) При отсутствии магнитной карты Вы можете обратиться к специалисту Единого деканата ( ул. Семакова, д. 18, 3 этаж, холл ) и подать заявление на ее восстановление. При себе необходимо иметь паспорт или студенческий билет. Студенты заочной и очно - заочной форм обучения могут заказать справку об обучении, написав на почту Единого деканата ( ed @ utmn. ru )"
8,Где я могу получить справку об обучении?,86478992,"Студенты очной формы обучения оформляют справку о подтверждении обучения самостоятельно с помощью магнитной карты в любом из терминалов, расположенных на территории Университета : в холле 1 этажа Единого деканата ( ул. Семакова, д. 18 ), Школы компьютерных наук ( ул. Перекопская, д. 15а ), Института государства и права ( ул. Ленина, д. 38 ), Финансово - экономического института ( ул. Ленина, 16 ), Школы образования ( проезд 9 Мая, д. 5 ) При отсутствии магнитной карты Вы можете обратиться к специалисту Единого деканата ( ул. Семакова, д. 18, 3 этаж, холл ) и подать заявление на ее восстановление. При себе необходимо иметь паспорт или студенческий билет. Студенты заочной и очно - заочной форм обучения могут заказать справку об обучении, написав на почту Единого деканата ( ed @ utmn. ru )"
9,"Что делать, если я забуду пропуск?",86478992,"Студенты очной формы обучения оформляют справку о подтверждении обучения самостоятельно с помощью магнитной карты в любом из терминалов, расположенных на территории Университета : в холле 1 этажа Единого деканата ( ул. Семакова, д. 18 ), Школы компьютерных наук ( ул. Перекопская, д. 15а ), Института государства и права ( ул. Ленина, д. 38 ), Финансово - экономического института ( ул. Ленина, 16 ), Школы образования ( проезд 9 Мая, д. 5 ) При отсутствии магнитной карты Вы можете обратиться к специалисту Единого деканата ( ул. Семакова, д. 18, 3 этаж, холл ) и подать заявление на ее восстановление. При себе необходимо иметь паспорт или студенческий билет. Студенты заочной и очно - заочной форм обучения могут заказать справку об обучении, написав на почту Единого деканата ( ed @ utmn. ru )"
10,как получить справку об обучении?,86478992,"Студенты очной формы обучения оформляют справку о подтверждении обучения самостоятельно с помощью магнитной карты в любом из терминалов, расположенных на территории Университета : в холле 1 этажа Единого деканата ( ул. Семакова, д. 18 ), Школы компьютерных наук ( ул. Перекопская, д. 15а ), Института государства и права ( ул. Ленина, д. 38 ), Финансово - экономического института ( ул. Ленина, 16 ), Школы образования ( проезд 9 Мая, д. 5 ) При отсутствии магнитной карты Вы можете обратиться к специалисту Единого деканата ( ул. Семакова, д. 18, 3 этаж, холл ) и подать заявление на ее восстановление. При себе необходимо иметь паспорт или студенческий билет. Студенты заочной и очно - заочной форм обучения могут заказать справку об обучении, написав на почту Единого деканата ( ed @ utmn. ru )"
11,как получить справку о месте учёбы?,86478992,"Студенты очной формы обучения оформляют справку о подтверждении обучения самостоятельно с помощью магнитной карты в любом из терминалов, расположенных на территории Университета : в холле 1 этажа Единого деканата ( ул. Семакова, д. 18 ), Школы компьютерных наук ( ул. Перекопская, д. 15а ), Института государства и права ( ул. Ленина, д. 38 ), Финансово - экономического института ( ул. Ленина, 16 ), Школы образования ( проезд 9 Мая, д. 5 ) При отсутствии магнитной карты Вы можете обратиться к специалисту Единого деканата ( ул. Семакова, д. 18, 3 этаж, холл ) и подать заявление на ее восстановление. При себе необходимо иметь паспорт или студенческий билет. Студенты заочной и очно - заочной форм обучения могут заказать справку об обучении, написав на почту Единого деканата ( ed @ utmn. ru )"
12,как получить справку что я студент?,86478992,"Студенты очной формы обучения оформляют справку о подтверждении обучения самостоятельно с помощью магнитной карты в любом из терминалов, расположенных на территории Университета : в холле 1 этажа Единого деканата ( ул. Семакова, д. 18 ), Школы компьютерных наук ( ул. Перекопская, д. 15а ), Института государства и права ( ул. Ленина, д. 38 ), Финансово - экономического института ( ул. Ленина, 16 ), Школы образования ( проезд 9 Мая, д. 5 ) При отсутствии магнитной карты Вы можете обратиться к специалисту Единого деканата ( ул. Семакова, д. 18, 3 этаж, холл ) и подать заявление на ее восстановление. При себе необходимо иметь паспорт или студенческий билет. Студенты заочной и очно - заочной форм обучения могут заказать справку об обучении, написав на почту Единого деканата ( ed @ utmn. ru )"
13,Сколько делается табель с оценками?,86478994,"Для оформления академической справки ( справки о периоде обучения ) Вам необходимо подать заявку в « Единый деканат » по адресу ул. Семакова, д. 18 ( 3 этаж, холл ) либо на электронную почту ed @ utmn. ru. Академическая справка готовится в течение 5 ( пяти ) рабочих дней."
14,Как получить справке с оценками?,86478994,"Для оформления академической справки ( справки о периоде обучения ) Вам необходимо подать заявку в « Единый деканат » по адресу ул. Семакова, д. 18 ( 3 этаж, холл ) либо на электронную почту ed @ utmn. ru. Академическая справка готовится в течение 5 ( пяти ) рабочих дней."
15,Где получить справку с оценками?,86478994,"Для оформления академической справки ( справки о периоде обучения ) Вам необходимо подать заявку в « Единый деканат » по адресу ул. Семакова, д. 18 ( 3 этаж, холл ) либо на электронную почту ed @ utmn. ru. Академическая справка готовится в течение 5 ( пяти ) рабочих дней."
16,как мне получить справку с оценками?,86478994,"Для оформления академической справки ( справки о периоде обучения ) Вам необходимо подать заявку в « Единый деканат » по адресу ул. Семакова, д. 18 ( 3 этаж, холл ) либо на электронную почту ed @ utmn. ru. Академическая справка готовится в течение 5 ( пяти ) рабочих дней."
17,"просят копию зачётной книжки, что мне делать?",86478994,"Для оформления академической справки ( справки о периоде обучения ) Вам необходимо подать заявку в « Единый деканат » по адресу ул. Семакова, д. 18 ( 3 этаж, холл ) либо на электронную почту ed @ utmn. ru. Академическая справка готовится в течение 5 ( пяти ) рабочих дней."
18,Когда можно получить справку о стипендии?,86478996,"По вопросу получения справки о доходах, размере стипендии или пособии необходимо обратиться в Сервисный центр бухгалтерии, написав на почту 12222 @ utmn. ru или позвонив ( 3452 ) 59 - 76 - 76. Адрес местонахождения : г. Тюмень, ул. Кирова, д. 25 / 1. Часы работы : пн. - чт. 09. 00 - 17. 00 пт. 09. 00 - 16. 00 обед 12. 30 - 13. 15 сб., вс. - выходные дни."
19,Где получить справку о размере стипендии?,86478996,"По вопросу получения справки о доходах, размере стипендии или пособии необходимо обратиться в Сервисный центр бухгалтерии, написав на почту 12222 @ utmn. ru или позвонив ( 3452 ) 59 - 76 - 76. Адрес местонахождения : г. Тюмень, ул. Кирова, д. 25 / 1. Часы работы : пн. - чт. 09. 00 - 17. 00 пт. 09. 00 - 16. 00 обед 12. 30 - 13. 15 сб., вс. - выходные дни."
20,Часы работы бухгалтерии ТюмГУ,86478996,"По вопросу получения справки о доходах, размере стипендии или пособии необходимо обратиться в Сервисный центр бухгалтерии, написав на почту 12222 @ utmn. ru или позвонив ( 3452 ) 59 - 76 - 76. Адрес местонахождения : г. Тюмень, ул. Кирова, д. 25 / 1. Часы работы : пн. - чт. 09. 00 - 17. 00 пт. 09. 00 - 16. 00 обед 12. 30 - 13. 15 сб., вс. - выходные дни."
21,как получить справку о стипендии?,86478996,"По вопросу получения справки о доходах, размере стипендии или пособии необходимо обратиться в Сервисный центр бухгалтерии, написав на почту 12222 @ utmn. ru или позвонив ( 3452 ) 59 - 76 - 76. Адрес местонахождения : г. Тюмень, ул. Кирова, д. 25 / 1. Часы работы : пн. - чт. 09. 00 - 17. 00 пт. 09. 00 - 16. 00 обед 12. 30 - 13. 15 сб., вс. - выходные дни."
22,как получить справку о размере стипендии?,86478996,"По вопросу получения справки о доходах, размере стипендии или пособии необходимо обратиться в Сервисный центр бухгалтерии, написав на почту 12222 @ utmn. ru или позвонив ( 3452 ) 59 - 76 - 76. Адрес местонахождения : г. Тюмень, ул. Кирова, д. 25 / 1. Часы работы : пн. - чт. 09. 00 - 17. 00 пт. 09. 00 - 16. 00 обед 12. 30 - 13. 15 сб., вс. - выходные дни."
23,"мне не пришла стипендия, что делать?",86478996,"По вопросу получения справки о доходах, размере стипендии или пособии необходимо обратиться в Сервисный центр бухгалтерии, написав на почту 12222 @ utmn. ru или позвонив ( 3452 ) 59 - 76 - 76. Адрес местонахождения : г. Тюмень, ул. Кирова, д. 25 / 1. Часы работы : пн. - чт. 09. 00 - 17. 00 пт. 09. 00 - 16. 00 обед 12. 30 - 13. 15 сб., вс. - выходные дни."
24,Даты подачи заявления для восстановления на очку,86479005,"Заявления на восстановление в Университет по очной и очно - заочной формам обучения принимаются два раза в год : с 01 июня по 31 июля на осенний семестр и с 01 ноября по 31 декабря на весенний семестр, если с момента отчисления не прошло 5 лет. Заявления на восстановление в Университет на первый семестр ( триместр, модуль ) первого курса принимаются, как правило, с 10 по 25 августа."
25,Когда можно подать документы на восстановление в обучении?,86479005,"Заявления на восстановление в Университет по очной и очно - заочной формам обучения принимаются два раза в год : с 01 июня по 31 июля на осенний семестр и с 01 ноября по 31 декабря на весенний семестр, если с момента отчисления не прошло 5 лет. Заявления на восстановление в Университет на первый семестр ( триместр, модуль ) первого курса принимаются, как правило, с 10 по 25 августа."
26,Когда я могу подать заявление на восстановление?,86479005,"Заявления на восстановление в Университет по очной и очно - заочной формам обучения принимаются два раза в год : с 01 июня по 31 июля на осенний семестр и с 01 ноября по 31 декабря на весенний семестр, если с момента отчисления не прошло 5 лет. Заявления на восстановление в Университет на первый семестр ( триместр, модуль ) первого курса принимаются, как правило, с 10 по 25 августа."
27,Даты подачи заявления для восстановления на заочку,86479007,"Заявления на восстановление в ТюмГУ принимаются не позднее, чем за 2 месяца до начала учебно - экзаменационной сессии ( практики ) в соответствии с календарным учебным графиком https : / / www. utmn. ru / obrazovanie / vysshee - obrazovanie / grafiki - uchebnogo - protsessa /, если с момента отчисления не прошло 5 лет. Заявления на восстановление на 1 курс 1 семестр принимаются, как правило, с 10 августа по 25 августа."
28,Когда можно подать документы на восстановление в обучении на заочке?,86479007,"Заявления на восстановление в ТюмГУ принимаются не позднее, чем за 2 месяца до начала учебно - экзаменационной сессии ( практики ) в соответствии с календарным учебным графиком https : / / www. utmn. ru / obrazovanie / vysshee - obrazovanie / grafiki - uchebnogo - protsessa /, если с момента отчисления не прошло 5 лет. Заявления на восстановление на 1 курс 1 семестр принимаются, как правило, с 10 августа по 25 августа."
29,Могу ли я восстановиться на заочке?,86479007,"Заявления на восстановление в ТюмГУ принимаются не позднее, чем за 2 месяца до начала учебно - экзаменационной сессии ( практики ) в соответствии с календарным учебным графиком https : / / www. utmn. ru / obrazovanie / vysshee - obrazovanie / grafiki - uchebnogo - protsessa /, если с момента отчисления не прошло 5 лет. Заявления на восстановление на 1 курс 1 семестр принимаются, как правило, с 10 августа по 25 августа."
30,Сколько раз можно пересдать ГИА?,86479009,Повторно пройти государственную итоговую аттестацию можно не ранее чем через 10 месяцев и не позднее чем через пять лет после срока проведения ГИА. Повторно пройти государственную итоговую аттестацию можно не более двух раз. Заявления на восстановление для прохождения государственной итоговой аттестации принимаются не позднее 3 ( трех ) недель до начала подготовки к итоговым испытаниям в соответствии с утвержденным календарным учебным графиком на текущий учебный год https : / / www. utmn. ru / obrazovanie / vysshee - obrazovanie / grafiki - uchebnogo - protsessa /
31,Когда я могу повторно пройти экзамены?,86479009,Повторно пройти государственную итоговую аттестацию можно не ранее чем через 10 месяцев и не позднее чем через пять лет после срока проведения ГИА. Повторно пройти государственную итоговую аттестацию можно не более двух раз. Заявления на восстановление для прохождения государственной итоговой аттестации принимаются не позднее 3 ( трех ) недель до начала подготовки к итоговым испытаниям в соответствии с утвержденным календарным учебным графиком на текущий учебный год https : / / www. utmn. ru / obrazovanie / vysshee - obrazovanie / grafiki - uchebnogo - protsessa /
32,Сколько раз я могу пройти повторно итоговую аттестацию?,86479009,Повторно пройти государственную итоговую аттестацию можно не ранее чем через 10 месяцев и не позднее чем через пять лет после срока проведения ГИА. Повторно пройти государственную итоговую аттестацию можно не более двух раз. Заявления на восстановление для прохождения государственной итоговой аттестации принимаются не позднее 3 ( трех ) недель до начала подготовки к итоговым испытаниям в соответствии с утвержденным календарным учебным графиком на текущий учебный год https : / / www. utmn. ru / obrazovanie / vysshee - obrazovanie / grafiki - uchebnogo - protsessa /
33,Как повторно защитить диплом?,86479011,Повторно пройти государственную итоговую аттестацию можно не ранее чем через 10 месяцев и не позднее чем через пять лет после срока проведения ГИА. Повторно пройти государственную итоговую аттестацию можно не более двух раз. Заявления на восстановление для прохождения государственной итоговой аттестации принимаются не позднее 3 ( трех ) недель до начала подготовки к итоговым испытаниям в соответствии с утвержденным календарным учебным графиком на текущий учебный год https : / / www. utmn. ru / obrazovanie / vysshee - obrazovanie / grafiki - uchebnogo - protsessa /
34,Когда я могу повторно защитить диплом?,86479011,Повторно пройти государственную итоговую аттестацию можно не ранее чем через 10 месяцев и не позднее чем через пять лет после срока проведения ГИА. Повторно пройти государственную итоговую аттестацию можно не более двух раз. Заявления на восстановление для прохождения государственной итоговой аттестации принимаются не позднее 3 ( трех ) недель до начала подготовки к итоговым испытаниям в соответствии с утвержденным календарным учебным графиком на текущий учебный год https : / / www. utmn. ru / obrazovanie / vysshee - obrazovanie / grafiki - uchebnogo - protsessa /
35,В какой промежуток времени я могу пройти повторную аттестацию?,86479011,Повторно пройти государственную итоговую аттестацию можно не ранее чем через 10 месяцев и не позднее чем через пять лет после срока проведения ГИА. Повторно пройти государственную итоговую аттестацию можно не более двух раз. Заявления на восстановление для прохождения государственной итоговой аттестации принимаются не позднее 3 ( трех ) недель до начала подготовки к итоговым испытаниям в соответствии с утвержденным календарным учебным графиком на текущий учебный год https : / / www. utmn. ru / obrazovanie / vysshee - obrazovanie / grafiki - uchebnogo - protsessa /
36,когда я могу повторно защитить ВКР?,86479011,Повторно пройти государственную итоговую аттестацию можно не ранее чем через 10 месяцев и не позднее чем через пять лет после срока проведения ГИА. Повторно пройти государственную итоговую аттестацию можно не более двух раз. Заявления на восстановление для прохождения государственной итоговой аттестации принимаются не позднее 3 ( трех ) недель до начала подготовки к итоговым испытаниям в соответствии с утвержденным календарным учебным графиком на текущий учебный год https : / / www. utmn. ru / obrazovanie / vysshee - obrazovanie / grafiki - uchebnogo - protsessa /
37,"Что нужно, чтобы восстановиться?",86479013,"Пакет документов для восстановления вам необходимо принести в Единый деканат, ул Семакова, 18, холл 3 этаж или отправить на e - mail : ed @ utmn. ru : Заявление https : / / www. utmn. ru / o - tyumgu / organizatsionnaya - skhema - tyumgu / edinyy - dekanat / blanki - zayavleniy / vosstanovlenie /, Копия паспорта ( страница с фото + регистрация ), если паспорт иностранного гражданина, то необходимо предоставить нотариально заверенный перевод паспорта, Копия СНИЛС, Согласие на обработку персональных данных https : / / www. utmn. ru / o - tyumgu / organizatsionnaya - skhema - tyumgu / edinyy - dekanat / blanki - zayavleniy / vosstanovlenie / Согласие на обработку персональных данных, разрешенных субъектом персональных данных для распространения https : / / www. utmn. ru / o - tyumgu / organizatsionnaya - skhema - tyumgu / edinyy - dekanat / blanki - zayavleniy / vosstanovlenie / Документы, подтверждающие смену ФИО ( при необходимости ) Заявление на перезачет с оценки "" зачтено "" на "" удовлетворительно "" https : / / www. utmn. ru / upload / medialibrary / e93 / Perezachet - distsiplin - s - zachteno - na - udovletvoritelno. pdf"
38,Как восстановиться в обучении?,86479013,"Пакет документов для восстановления вам необходимо принести в Единый деканат, ул Семакова, 18, холл 3 этаж или отправить на e - mail : ed @ utmn. ru : Заявление https : / / www. utmn. ru / o - tyumgu / organizatsionnaya - skhema - tyumgu / edinyy - dekanat / blanki - zayavleniy / vosstanovlenie /, Копия паспорта ( страница с фото + регистрация ), если паспорт иностранного гражданина, то необходимо предоставить нотариально заверенный перевод паспорта, Копия СНИЛС, Согласие на обработку персональных данных https : / / www. utmn. ru / o - tyumgu / organizatsionnaya - skhema - tyumgu / edinyy - dekanat / blanki - zayavleniy / vosstanovlenie / Согласие на обработку персональных данных, разрешенных субъектом персональных данных для распространения https : / / www. utmn. ru / o - tyumgu / organizatsionnaya - skhema - tyumgu / edinyy - dekanat / blanki - zayavleniy / vosstanovlenie / Документы, подтверждающие смену ФИО ( при необходимости ) Заявление на перезачет с оценки "" зачтено "" на "" удовлетворительно "" https : / / www. utmn. ru / upload / medialibrary / e93 / Perezachet - distsiplin - s - zachteno - na - udovletvoritelno. pdf"
39,Какой перечень документов для восстановления на обучение?,86479013,"Пакет документов для восстановления вам необходимо принести в Единый деканат, ул Семакова, 18, холл 3 этаж или отправить на e - mail : ed @ utmn. ru : Заявление https : / / www. utmn. ru / o - tyumgu / organizatsionnaya - skhema - tyumgu / edinyy - dekanat / blanki - zayavleniy / vosstanovlenie /, Копия паспорта ( страница с фото + регистрация ), если паспорт иностранного гражданина, то необходимо предоставить нотариально заверенный перевод паспорта, Копия СНИЛС, Согласие на обработку персональных данных https : / / www. utmn. ru / o - tyumgu / organizatsionnaya - skhema - tyumgu / edinyy - dekanat / blanki - zayavleniy / vosstanovlenie / Согласие на обработку персональных данных, разрешенных субъектом персональных данных для распространения https : / / www. utmn. ru / o - tyumgu / organizatsionnaya - skhema - tyumgu / edinyy - dekanat / blanki - zayavleniy / vosstanovlenie / Документы, подтверждающие смену ФИО ( при необходимости ) Заявление на перезачет с оценки "" зачтено "" на "" удовлетворительно "" https : / / www. utmn. ru / upload / medialibrary / e93 / Perezachet - distsiplin - s - zachteno - na - udovletvoritelno. pdf"
40,Можно ли восстановиться на бюджет?,86479015,"Восстановление лица, ранее обучавшегося за счет бюджетных ассигнований федерального бюджета, бюджетов субъектов Российской Федерации, осуществляется однократно с сохранением прежних условий основания обучения, при наличии вакантных мест по соответствующей форме обучения, соответствующему направлению подготовки ( специальности ) и на курсе на конкурсной основе решением аттестационной комиссии. Последующие восстановления производятся на место по договору об оказании платных образовательных услуг."
41,"Я слетел с бюджета, как мне восстановиться?",86479015,"Восстановление лица, ранее обучавшегося за счет бюджетных ассигнований федерального бюджета, бюджетов субъектов Российской Федерации, осуществляется однократно с сохранением прежних условий основания обучения, при наличии вакантных мест по соответствующей форме обучения, соответствующему направлению подготовки ( специальности ) и на курсе на конкурсной основе решением аттестационной комиссии. Последующие восстановления производятся на место по договору об оказании платных образовательных услуг."
42,Могу ли я восстановаться на бюджет?,86479015,"Восстановление лица, ранее обучавшегося за счет бюджетных ассигнований федерального бюджета, бюджетов субъектов Российской Федерации, осуществляется однократно с сохранением прежних условий основания обучения, при наличии вакантных мест по соответствующей форме обучения, соответствующему направлению подготовки ( специальности ) и на курсе на конкурсной основе решением аттестационной комиссии. Последующие восстановления производятся на место по договору об оказании платных образовательных услуг."
43,Как восстановиться на договорное место?,86479017,"При восстановлении на договорное место, после рассмотрения заявления аттестационной комиссией, необходимо заключить договор, оплатить и только после этого ваши документы передадут для оформления приказа. В случае несвоевременной оплаты Университет вправе отказать в восстановлении."
44,Как восстановиться на целевое место?,86479017,"При восстановлении на договорное место, после рассмотрения заявления аттестационной комиссией, необходимо заключить договор, оплатить и только после этого ваши документы передадут для оформления приказа. В случае несвоевременной оплаты Университет вправе отказать в восстановлении."
45,"Можно восстановаиться, если я поступал на договор?",86479017,"При восстановлении на договорное место, после рассмотрения заявления аттестационной комиссией, необходимо заключить договор, оплатить и только после этого ваши документы передадут для оформления приказа. В случае несвоевременной оплаты Университет вправе отказать в восстановлении."
46,Сколько ждать решение по академу?,86479024,"Заявление на академический отпуск подается через личный кабинет на портале "" Вместе "" в разделе "" Заявления "". ВАЖНО! Заявление на отпуск не может быть подано : 1. в период прохождения госаттестации ; 2. в случае несдачи комиссионной пересдачи. Согласно п. 1. 4 "" Положения о порядке предоставления и выхода из академического отпуска и иных отпусков для обучающихся ФГАОУ ВО ТюмГУ : Решение о предоставлении отпуска принимается в течение 10 ( десяти ) дней со дня подачи обучающимся заявления и прилагаемых к нему документов ( при наличии ). Дата подачи заявления и начала отпуска, без подтверждающих документов, не может быть праздничным и / или нерабочим днем. За 3 недели до даты окончания отпуска необходимо будет подать заявление на выход из академического отпуска. Бланк заявления на выход из академического отпуска можете скачать по ссылке https : / / www. utmn. ru / o - tyumgu / organizatsionnaya - skhema - tyumgu / edinyy - dekanat / blanki - zayavleniy / otpusk /."
47,Как выйти в академ?,86479024,"Заявление на академический отпуск подается через личный кабинет на портале "" Вместе "" в разделе "" Заявления "". ВАЖНО! Заявление на отпуск не может быть подано : 1. в период прохождения госаттестации ; 2. в случае несдачи комиссионной пересдачи. Согласно п. 1. 4 "" Положения о порядке предоставления и выхода из академического отпуска и иных отпусков для обучающихся ФГАОУ ВО ТюмГУ : Решение о предоставлении отпуска принимается в течение 10 ( десяти ) дней со дня подачи обучающимся заявления и прилагаемых к нему документов ( при наличии ). Дата подачи заявления и начала отпуска, без подтверждающих документов, не может быть праздничным и / или нерабочим днем. За 3 недели до даты окончания отпуска необходимо будет подать заявление на выход из академического отпуска. Бланк заявления на выход из академического отпуска можете скачать по ссылке https : / / www. utmn. ru / o - tyumgu / organizatsionnaya - skhema - tyumgu / edinyy - dekanat / blanki - zayavleniy / otpusk /."
48,Где взять бланк для академического отпуска?,86479024,"Заявление на академический отпуск подается через личный кабинет на портале "" Вместе "" в разделе "" Заявления "". ВАЖНО! Заявление на отпуск не может быть подано : 1. в период прохождения госаттестации ; 2. в случае несдачи комиссионной пересдачи. Согласно п. 1. 4 "" Положения о порядке предоставления и выхода из академического отпуска и иных отпусков для обучающихся ФГАОУ ВО ТюмГУ : Решение о предоставлении отпуска принимается в течение 10 ( десяти ) дней со дня подачи обучающимся заявления и прилагаемых к нему документов ( при наличии ). Дата подачи заявления и начала отпуска, без подтверждающих документов, не может быть праздничным и / или нерабочим днем. За 3 недели до даты окончания отпуска необходимо будет подать заявление на выход из академического отпуска. Бланк заявления на выход из академического отпуска можете скачать по ссылке https : / / www. utmn. ru / o - tyumgu / organizatsionnaya - skhema - tyumgu / edinyy - dekanat / blanki - zayavleniy / otpusk /."
49,как подать заявления на академ?,86479024,"Заявление на академический отпуск подается через личный кабинет на портале "" Вместе "" в разделе "" Заявления "". ВАЖНО! Заявление на отпуск не может быть подано : 1. в период прохождения госаттестации ; 2. в случае несдачи комиссионной пересдачи. Согласно п. 1. 4 "" Положения о порядке предоставления и выхода из академического отпуска и иных отпусков для обучающихся ФГАОУ ВО ТюмГУ : Решение о предоставлении отпуска принимается в течение 10 ( десяти ) дней со дня подачи обучающимся заявления и прилагаемых к нему документов ( при наличии ). Дата подачи заявления и начала отпуска, без подтверждающих документов, не может быть праздничным и / или нерабочим днем. За 3 недели до даты окончания отпуска необходимо будет подать заявление на выход из академического отпуска. Бланк заявления на выход из академического отпуска можете скачать по ссылке https : / / www. utmn. ru / o - tyumgu / organizatsionnaya - skhema - tyumgu / edinyy - dekanat / blanki - zayavleniy / otpusk /."
50,Дает ли ТюмГУ отпуск при беременности?,86479026,"Заявление подается через личный кабинет на портале "" Вместе "". Отпуск по беременности и родам предоставляется обучающемуся на основании личного заявления и выданной в установленном порядке медицинской справки. Продолжительность отпуска по беременности и родам составляет 70 ( в случае многоплодной беременности [UNK] 84 ) календарных дней до родов и 70 ( в случае осложненных родов [UNK] 86, при рождении двух или более детей [UNK] 110 ) календарных дней после родов, исчисляется суммарно и предоставляется полностью независимо от числа дней, фактически использованных обучающимся до родов."
51,Как получить отпуск по беременности?,86479026,"Заявление подается через личный кабинет на портале "" Вместе "". Отпуск по беременности и родам предоставляется обучающемуся на основании личного заявления и выданной в установленном порядке медицинской справки. Продолжительность отпуска по беременности и родам составляет 70 ( в случае многоплодной беременности [UNK] 84 ) календарных дней до родов и 70 ( в случае осложненных родов [UNK] 86, при рождении двух или более детей [UNK] 110 ) календарных дней после родов, исчисляется суммарно и предоставляется полностью независимо от числа дней, фактически использованных обучающимся до родов."
52,Сколько дней длится отпуск по беременности?,86479026,"Заявление подается через личный кабинет на портале "" Вместе "". Отпуск по беременности и родам предоставляется обучающемуся на основании личного заявления и выданной в установленном порядке медицинской справки. Продолжительность отпуска по беременности и родам составляет 70 ( в случае многоплодной беременности [UNK] 84 ) календарных дней до родов и 70 ( в случае осложненных родов [UNK] 86, при рождении двух или более детей [UNK] 110 ) календарных дней после родов, исчисляется суммарно и предоставляется полностью независимо от числа дней, фактически использованных обучающимся до родов."
53,Не могу обучаться по мед показаниям. Что делать?,86479028,"Заявление подается через личный кабинет на портале "" Вместе "". Основанием для предоставления отпуска является заключение врачебной комиссии медицинской организации. Отпуск предоставляется по датам, указанным в заключении врачебной комиссии."
54,Как получить отпуск по мед. показаниям?,86479028,"Заявление подается через личный кабинет на портале "" Вместе "". Основанием для предоставления отпуска является заключение врачебной комиссии медицинской организации. Отпуск предоставляется по датам, указанным в заключении врачебной комиссии."
55,Границы отпуска по медицинским показаниям?,86479028,"Заявление подается через личный кабинет на портале "" Вместе "". Основанием для предоставления отпуска является заключение врачебной комиссии медицинской организации. Отпуск предоставляется по датам, указанным в заключении врачебной комиссии."
56,"Что делать, если нужно следить за ребенком во время учебы?",86479030,"Заявление подается через личный кабинет на портале "" Вместе "". Отпуск по уходу за ребенком до достижения им возраста трех лет предоставляется обучающемуся, являющемуся матерью ( отцом, опекуном ) на основании личного заявления, к которому прилагается копия свидетельства о рождении ребенка. Отпуск по уходу за ребенком до достижения им возраста трех лет оформляется сроком не более трех лет с момента рождения ребенка и может быть использован полностью или по частям."
57,Как получить отпуск по уходу заребёнком?,86479030,"Заявление подается через личный кабинет на портале "" Вместе "". Отпуск по уходу за ребенком до достижения им возраста трех лет предоставляется обучающемуся, являющемуся матерью ( отцом, опекуном ) на основании личного заявления, к которому прилагается копия свидетельства о рождении ребенка. Отпуск по уходу за ребенком до достижения им возраста трех лет оформляется сроком не более трех лет с момента рождения ребенка и может быть использован полностью или по частям."
58,"Сколько максимум должно быть ребенку, чтобы я мог оформить отпуск по его уходу?",86479030,"Заявление подается через личный кабинет на портале "" Вместе "". Отпуск по уходу за ребенком до достижения им возраста трех лет предоставляется обучающемуся, являющемуся матерью ( отцом, опекуном ) на основании личного заявления, к которому прилагается копия свидетельства о рождении ребенка. Отпуск по уходу за ребенком до достижения им возраста трех лет оформляется сроком не более трех лет с момента рождения ребенка и может быть использован полностью или по частям."
59,"Что делать, если призвали в армию во время учебы?",86479032,"Заявление подается через личный кабинет на портале "" Вместе "". Основанием для принятия решения о предоставлении обучающемуся академического отпуска является : повестка военного комиссариата, содержащая время и место отправки к месту прохождения военной службу, в связи с призывом на военную службу. Дата начала отпуска - дата прибытия к месту службы. Отпуск предоставляется сроком на 1 год и 1 месяц от даты повестки."
60,"Меня призвали в армию, что делать?",86479032,"Заявление подается через личный кабинет на портале "" Вместе "". Основанием для принятия решения о предоставлении обучающемуся академического отпуска является : повестка военного комиссариата, содержащая время и место отправки к месту прохождения военной службу, в связи с призывом на военную службу. Дата начала отпуска - дата прибытия к месту службы. Отпуск предоставляется сроком на 1 год и 1 месяц от даты повестки."
61,Основания для академа по призыву,86479032,"Заявление подается через личный кабинет на портале "" Вместе "". Основанием для принятия решения о предоставлении обучающемуся академического отпуска является : повестка военного комиссариата, содержащая время и место отправки к месту прохождения военной службу, в связи с призывом на военную службу. Дата начала отпуска - дата прибытия к месту службы. Отпуск предоставляется сроком на 1 год и 1 месяц от даты повестки."
62,Когда подавать заявление для выхода из академа?,86479034,"Заявление на выход из отпуска подается не позднее, чем за три недели до его окончания. Дата подачи заявления должна быть текущей. Бланк заявления на выход из академического отпуска можете скачать по ссылке https : / / www. utmn. ru / o - tyumgu / organizatsionnaya - skhema - tyumgu / edinyy - dekanat / blanki - zayavleniy / otpusk /. Вы можете подать заявление лично, обратившись в Единый деканат ( ул. Семакова, 18, холл 3 этаж ) с паспортом или студенческим билетом, либо направить подписанный своей рукой бланк на e - mail : ed @ utmn. ru"
63,Как выйти из академа?,86479034,"Заявление на выход из отпуска подается не позднее, чем за три недели до его окончания. Дата подачи заявления должна быть текущей. Бланк заявления на выход из академического отпуска можете скачать по ссылке https : / / www. utmn. ru / o - tyumgu / organizatsionnaya - skhema - tyumgu / edinyy - dekanat / blanki - zayavleniy / otpusk /. Вы можете подать заявление лично, обратившись в Единый деканат ( ул. Семакова, 18, холл 3 этаж ) с паспортом или студенческим билетом, либо направить подписанный своей рукой бланк на e - mail : ed @ utmn. ru"
64,Как мне подать заявление о выходе с академа?,86479034,"Заявление на выход из отпуска подается не позднее, чем за три недели до его окончания. Дата подачи заявления должна быть текущей. Бланк заявления на выход из академического отпуска можете скачать по ссылке https : / / www. utmn. ru / o - tyumgu / organizatsionnaya - skhema - tyumgu / edinyy - dekanat / blanki - zayavleniy / otpusk /. Вы можете подать заявление лично, обратившись в Единый деканат ( ул. Семакова, 18, холл 3 этаж ) с паспортом или студенческим билетом, либо направить подписанный своей рукой бланк на e - mail : ed @ utmn. ru"
65,Можно ли продлить академ?,86479036,"Для рассмотрения возможности продления академического отпуска необходимо подать два заявления : на выход из отпуска, на предоставление нового отпуска. Вы можете подать заявления лично, обратившись в Единый деканат ( ул Семакова, 18, холл 3 этаж ) с паспортом или студенческим билетом, либо направить подписанный своей рукой бланк на e - mail : ed @ utmn. ru Бланки заявления : https : / / www. utmn. ru / o - tyumgu / organizatsionnaya - skhema - tyumgu / edinyy - dekanat / blanki - zayavleniy / otpusk /."
66,Как продлить академ?,86479036,"Для рассмотрения возможности продления академического отпуска необходимо подать два заявления : на выход из отпуска, на предоставление нового отпуска. Вы можете подать заявления лично, обратившись в Единый деканат ( ул Семакова, 18, холл 3 этаж ) с паспортом или студенческим билетом, либо направить подписанный своей рукой бланк на e - mail : ed @ utmn. ru Бланки заявления : https : / / www. utmn. ru / o - tyumgu / organizatsionnaya - skhema - tyumgu / edinyy - dekanat / blanki - zayavleniy / otpusk /."
67,Куда отправить заполненные заявления для академа?,86479036,"Для рассмотрения возможности продления академического отпуска необходимо подать два заявления : на выход из отпуска, на предоставление нового отпуска. Вы можете подать заявления лично, обратившись в Единый деканат ( ул Семакова, 18, холл 3 этаж ) с паспортом или студенческим билетом, либо направить подписанный своей рукой бланк на e - mail : ed @ utmn. ru Бланки заявления : https : / / www. utmn. ru / o - tyumgu / organizatsionnaya - skhema - tyumgu / edinyy - dekanat / blanki - zayavleniy / otpusk /."
68,Какие доки нужны для перевода на другое направление?,86479041,"Заявления о переводе принимаются два раза в год, как правило : для студентов очной и очно [UNK] заочной форм обучения 2 курса и последующих : с одной образовательной программы на иную в течение 2 ( двух ) недель после окончания летней / зимней промежуточной аттестации в соответствии с календарным учебным графиком, 1 курса ( 1 семестр ) ; с одной образовательной программы на иную в течение 2 ( двух ) недель от начала семестра в соответствии с календарным учебным графиком, 1 курса ( 2 семестр ) ; в течение 2 ( двух ) недель после окончания летней промежуточной аттестации в соответствии с календарным учебным графиком ; с одной формы обучения на другую : с очной на очно - заочную, с очно - заочной на очную [UNK] в течение 2 ( двух ) недель после окончания летней / зимней промежуточной аттестации в соответствии с календарным учебным графиком ; с очной / очно - заочной формы обучения на заочную с 1 сентября соответствующего календарного года, но не позднее, чем за 2 ( два ) месяца до начала промежуточной аттестации / практики текущего семестра ( триместра, модуля ) в соответствии с календарным учебным графиком ; для студентов заочной формы обучения : с одной образовательной программы на иную не позднее, чем за 2 ( два ) месяца до начала промежуточной аттестации / практики текущего семестра ( триместра, модуля ) иной образовательной программы ; с одной формы обучения на другую ; с заочной на очную / очно [UNK] заочную форму обучения в первые 2 ( две ) недели начала семестра по очной / очно [UNK] заочной форме обучения в соответствии с календарным учебным графиком. Пакет документов для перевода : Заявление о переводе Заявление на перезачет с оценки "" зачтено "" на "" удовлетворительно "" Бланки заявлений можно скачать по ссылке https : / / www. utmn. ru / o - tyumgu / organizatsionnaya - skhema - tyumgu / edinyy - dekanat / blanki - zayavleniy / perevod - vnutri / Заявления Вы можете подать лично в « Едином деканате » по адресу ул. Семакова, д. 18 ( 3 этаж, холл ) или направить на электронную почту ed @ utmn. ru"
69,Как перевестись на другое направление?,86479041,"Заявления о переводе принимаются два раза в год, как правило : для студентов очной и очно [UNK] заочной форм обучения 2 курса и последующих : с одной образовательной программы на иную в течение 2 ( двух ) недель после окончания летней / зимней промежуточной аттестации в соответствии с календарным учебным графиком, 1 курса ( 1 семестр ) ; с одной образовательной программы на иную в течение 2 ( двух ) недель от начала семестра в соответствии с календарным учебным графиком, 1 курса ( 2 семестр ) ; в течение 2 ( двух ) недель после окончания летней промежуточной аттестации в соответствии с календарным учебным графиком ; с одной формы обучения на другую : с очной на очно - заочную, с очно - заочной на очную [UNK] в течение 2 ( двух ) недель после окончания летней / зимней промежуточной аттестации в соответствии с календарным учебным графиком ; с очной / очно - заочной формы обучения на заочную с 1 сентября соответствующего календарного года, но не позднее, чем за 2 ( два ) месяца до начала промежуточной аттестации / практики текущего семестра ( триместра, модуля ) в соответствии с календарным учебным графиком ; для студентов заочной формы обучения : с одной образовательной программы на иную не позднее, чем за 2 ( два ) месяца до начала промежуточной аттестации / практики текущего семестра ( триместра, модуля ) иной образовательной программы ; с одной формы обучения на другую ; с заочной на очную / очно [UNK] заочную форму обучения в первые 2 ( две ) недели начала семестра по очной / очно [UNK] заочной форме обучения в соответствии с календарным учебным графиком. Пакет документов для перевода : Заявление о переводе Заявление на перезачет с оценки "" зачтено "" на "" удовлетворительно "" Бланки заявлений можно скачать по ссылке https : / / www. utmn. ru / o - tyumgu / organizatsionnaya - skhema - tyumgu / edinyy - dekanat / blanki - zayavleniy / perevod - vnutri / Заявления Вы можете подать лично в « Едином деканате » по адресу ул. Семакова, д. 18 ( 3 этаж, холл ) или направить на электронную почту ed @ utmn. ru"
70,Как перевестись на другое направление на заочке?,86479041,"Заявления о переводе принимаются два раза в год, как правило : для студентов очной и очно [UNK] заочной форм обучения 2 курса и последующих : с одной образовательной программы на иную в течение 2 ( двух ) недель после окончания летней / зимней промежуточной аттестации в соответствии с календарным учебным графиком, 1 курса ( 1 семестр ) ; с одной образовательной программы на иную в течение 2 ( двух ) недель от начала семестра в соответствии с календарным учебным графиком, 1 курса ( 2 семестр ) ; в течение 2 ( двух ) недель после окончания летней промежуточной аттестации в соответствии с календарным учебным графиком ; с одной формы обучения на другую : с очной на очно - заочную, с очно - заочной на очную [UNK] в течение 2 ( двух ) недель после окончания летней / зимней промежуточной аттестации в соответствии с календарным учебным графиком ; с очной / очно - заочной формы обучения на заочную с 1 сентября соответствующего календарного года, но не позднее, чем за 2 ( два ) месяца до начала промежуточной аттестации / практики текущего семестра ( триместра, модуля ) в соответствии с календарным учебным графиком ; для студентов заочной формы обучения : с одной образовательной программы на иную не позднее, чем за 2 ( два ) месяца до начала промежуточной аттестации / практики текущего семестра ( триместра, модуля ) иной образовательной программы ; с одной формы обучения на другую ; с заочной на очную / очно [UNK] заочную форму обучения в первые 2 ( две ) недели начала семестра по очной / очно [UNK] заочной форме обучения в соответствии с календарным учебным графиком. Пакет документов для перевода : Заявление о переводе Заявление на перезачет с оценки "" зачтено "" на "" удовлетворительно "" Бланки заявлений можно скачать по ссылке https : / / www. utmn. ru / o - tyumgu / organizatsionnaya - skhema - tyumgu / edinyy - dekanat / blanki - zayavleniy / perevod - vnutri / Заявления Вы можете подать лично в « Едином деканате » по адресу ул. Семакова, д. 18 ( 3 этаж, холл ) или направить на электронную почту ed @ utmn. ru"
71,как перевестись на другое направление?,86479041,"Заявления о переводе принимаются два раза в год, как правило : для студентов очной и очно [UNK] заочной форм обучения 2 курса и последующих : с одной образовательной программы на иную в течение 2 ( двух ) недель после окончания летней / зимней промежуточной аттестации в соответствии с календарным учебным графиком, 1 курса ( 1 семестр ) ; с одной образовательной программы на иную в течение 2 ( двух ) недель от начала семестра в соответствии с календарным учебным графиком, 1 курса ( 2 семестр ) ; в течение 2 ( двух ) недель после окончания летней промежуточной аттестации в соответствии с календарным учебным графиком ; с одной формы обучения на другую : с очной на очно - заочную, с очно - заочной на очную [UNK] в течение 2 ( двух ) недель после окончания летней / зимней промежуточной аттестации в соответствии с календарным учебным графиком ; с очной / очно - заочной формы обучения на заочную с 1 сентября соответствующего календарного года, но не позднее, чем за 2 ( два ) месяца до начала промежуточной аттестации / практики текущего семестра ( триместра, модуля ) в соответствии с календарным учебным графиком ; для студентов заочной формы обучения : с одной образовательной программы на иную не позднее, чем за 2 ( два ) месяца до начала промежуточной аттестации / практики текущего семестра ( триместра, модуля ) иной образовательной программы ; с одной формы обучения на другую ; с заочной на очную / очно [UNK] заочную форму обучения в первые 2 ( две ) недели начала семестра по очной / очно [UNK] заочной форме обучения в соответствии с календарным учебным графиком. Пакет документов для перевода : Заявление о переводе Заявление на перезачет с оценки "" зачтено "" на "" удовлетворительно "" Бланки заявлений можно скачать по ссылке https : / / www. utmn. ru / o - tyumgu / organizatsionnaya - skhema - tyumgu / edinyy - dekanat / blanki - zayavleniy / perevod - vnutri / Заявления Вы можете подать лично в « Едином деканате » по адресу ул. Семакова, д. 18 ( 3 этаж, холл ) или направить на электронную почту ed @ utmn. ru"
72,Сколько делается приказ об отчислении при переводе в другой ВУЗ?,86479043,"Подать заявление на отчисление переводом можно : лично в Едином деканате ( ул. Семакова, 18, холл 3 этаж ). При себе иметь паспорт или студенческий билет ; в личном кабинете на портале "" Вместе "" ; с корпоративной студенческой почты на почту ed @ utmn. ru. ВАЖНО! К заявлению необходимо приложить справку о переводе и перечень изученных дисциплин, пройденных практик, выполненных научных исследований, которые будут перезачтены или переаттестованы обучающемуся при переводе. Приказ об отчислении переводом готовится в течение 5 ( пяти ) рабочих дней."
73,Как перевестись в другой ВУЗ?,86479043,"Подать заявление на отчисление переводом можно : лично в Едином деканате ( ул. Семакова, 18, холл 3 этаж ). При себе иметь паспорт или студенческий билет ; в личном кабинете на портале "" Вместе "" ; с корпоративной студенческой почты на почту ed @ utmn. ru. ВАЖНО! К заявлению необходимо приложить справку о переводе и перечень изученных дисциплин, пройденных практик, выполненных научных исследований, которые будут перезачтены или переаттестованы обучающемуся при переводе. Приказ об отчислении переводом готовится в течение 5 ( пяти ) рабочих дней."
74,Сколько ждать приказ об отчислении про переводе в другой вуз?,86479043,"Подать заявление на отчисление переводом можно : лично в Едином деканате ( ул. Семакова, 18, холл 3 этаж ). При себе иметь паспорт или студенческий билет ; в личном кабинете на портале "" Вместе "" ; с корпоративной студенческой почты на почту ed @ utmn. ru. ВАЖНО! К заявлению необходимо приложить справку о переводе и перечень изученных дисциплин, пройденных практик, выполненных научных исследований, которые будут перезачтены или переаттестованы обучающемуся при переводе. Приказ об отчислении переводом готовится в течение 5 ( пяти ) рабочих дней."
75,Как перевестись в ТюмГУ?,86479045,"1. Подать заявление о переводе можно лично, обратившись в Единый деканат, ул. Семакова, 18, холл 3 этаж ( при себе необходимо иметь паспорт и СНИЛС ), либо предоставив полный пакет документов на почту ed @ utmn. ru. Заявления о переводе по очной и очно - заочной формам обучения принимаются 2 ( раза ) в год, как правило, в осеннем и весеннем семестрах в течение 2 ( двух ) недель начала семестра в соответствии с календарным учебным графиком. По заочной форме обучения не позднее чем за 2 ( два ) месяца до начала промежуточной аттестации / практики текущего семестра ( триместра, модуля ) по образовательной программе, на которую планируется перевод. Обучающийся представляет в Единый деканат ( ed @ utmn. ru ) справку о периоде обучения ( справку об обучении ) или сканированный вариант оригинала справки в PDF формате и письменное личное заявление или электронное личное заявление, отправленные с электронной почты. 2. Получить решение ТюмГУ - справку о переводе. ТюмГУ не позднее 10 ( десяти ) рабочих дней со дня подачи заявления о переводе принимает решение о возможности зачисления переводом. В случае положительного решения студенту выдается справка о переводе ( срок действия 15 рабочих дней с даты регистрации справки ). 3. Оформить отчисление в своей образовательной организации - подать заявление на отчисление переводом в ТюмГУ в своем ВУЗе с приложением справки о переводе. 4. Оформить зачисление в ТюмГУ Для этого вы должны представить пакет документов : оригинал справки о периоде обучения, заверенную копию приказа об отчислении в связи с переводом или выписку из указанного приказа, документ о предшествующем образовании ( оригинал указанного документа, в случае перевода на обучение за счет бюджетных ассигнований, или его копию, заверенную в установленном порядке, или его копию с предъявлением оригинала для заверения копии университетом ), оформить договор и оплатить ( в случае перевода на договорное место ). В течение пяти рабочих дней после поступления данных документов в ТюмГУ издается приказ о вашем зачисление в связи с переводом. В течение 5 ( пяти ) рабочих дней со дня издания приказа о зачислении в порядке перевода в Едином деканате ( филиале ) студенту выдаются студенческий билет и карта доступа в университет."
76,Я учусь в другом ВУЗе. Как я могу перевстись в ТюмГУ?,86479045,"1. Подать заявление о переводе можно лично, обратившись в Единый деканат, ул. Семакова, 18, холл 3 этаж ( при себе необходимо иметь паспорт и СНИЛС ), либо предоставив полный пакет документов на почту ed @ utmn. ru. Заявления о переводе по очной и очно - заочной формам обучения принимаются 2 ( раза ) в год, как правило, в осеннем и весеннем семестрах в течение 2 ( двух ) недель начала семестра в соответствии с календарным учебным графиком. По заочной форме обучения не позднее чем за 2 ( два ) месяца до начала промежуточной аттестации / практики текущего семестра ( триместра, модуля ) по образовательной программе, на которую планируется перевод. Обучающийся представляет в Единый деканат ( ed @ utmn. ru ) справку о периоде обучения ( справку об обучении ) или сканированный вариант оригинала справки в PDF формате и письменное личное заявление или электронное личное заявление, отправленные с электронной почты. 2. Получить решение ТюмГУ - справку о переводе. ТюмГУ не позднее 10 ( десяти ) рабочих дней со дня подачи заявления о переводе принимает решение о возможности зачисления переводом. В случае положительного решения студенту выдается справка о переводе ( срок действия 15 рабочих дней с даты регистрации справки ). 3. Оформить отчисление в своей образовательной организации - подать заявление на отчисление переводом в ТюмГУ в своем ВУЗе с приложением справки о переводе. 4. Оформить зачисление в ТюмГУ Для этого вы должны представить пакет документов : оригинал справки о периоде обучения, заверенную копию приказа об отчислении в связи с переводом или выписку из указанного приказа, документ о предшествующем образовании ( оригинал указанного документа, в случае перевода на обучение за счет бюджетных ассигнований, или его копию, заверенную в установленном порядке, или его копию с предъявлением оригинала для заверения копии университетом ), оформить договор и оплатить ( в случае перевода на договорное место ). В течение пяти рабочих дней после поступления данных документов в ТюмГУ издается приказ о вашем зачисление в связи с переводом. В течение 5 ( пяти ) рабочих дней со дня издания приказа о зачислении в порядке перевода в Едином деканате ( филиале ) студенту выдаются студенческий билет и карта доступа в университет."
77,Когда мне выдадут студенческий билет после перевода?,86479045,"1. Подать заявление о переводе можно лично, обратившись в Единый деканат, ул. Семакова, 18, холл 3 этаж ( при себе необходимо иметь паспорт и СНИЛС ), либо предоставив полный пакет документов на почту ed @ utmn. ru. Заявления о переводе по очной и очно - заочной формам обучения принимаются 2 ( раза ) в год, как правило, в осеннем и весеннем семестрах в течение 2 ( двух ) недель начала семестра в соответствии с календарным учебным графиком. По заочной форме обучения не позднее чем за 2 ( два ) месяца до начала промежуточной аттестации / практики текущего семестра ( триместра, модуля ) по образовательной программе, на которую планируется перевод. Обучающийся представляет в Единый деканат ( ed @ utmn. ru ) справку о периоде обучения ( справку об обучении ) или сканированный вариант оригинала справки в PDF формате и письменное личное заявление или электронное личное заявление, отправленные с электронной почты. 2. Получить решение ТюмГУ - справку о переводе. ТюмГУ не позднее 10 ( десяти ) рабочих дней со дня подачи заявления о переводе принимает решение о возможности зачисления переводом. В случае положительного решения студенту выдается справка о переводе ( срок действия 15 рабочих дней с даты регистрации справки ). 3. Оформить отчисление в своей образовательной организации - подать заявление на отчисление переводом в ТюмГУ в своем ВУЗе с приложением справки о переводе. 4. Оформить зачисление в ТюмГУ Для этого вы должны представить пакет документов : оригинал справки о периоде обучения, заверенную копию приказа об отчислении в связи с переводом или выписку из указанного приказа, документ о предшествующем образовании ( оригинал указанного документа, в случае перевода на обучение за счет бюджетных ассигнований, или его копию, заверенную в установленном порядке, или его копию с предъявлением оригинала для заверения копии университетом ), оформить договор и оплатить ( в случае перевода на договорное место ). В течение пяти рабочих дней после поступления данных документов в ТюмГУ издается приказ о вашем зачисление в связи с переводом. В течение 5 ( пяти ) рабочих дней со дня издания приказа о зачислении в порядке перевода в Едином деканате ( филиале ) студенту выдаются студенческий билет и карта доступа в университет."
78,Какие доки нужны для перевода в ТюмГУ из другого ВУЗа?,86479047,"Пакет документов для подачи заявления на перевод : 1. Заявление о зачислении переводом https : / / www. utmn. ru / o - tyumgu / organizatsionnaya - skhema - tyumgu / edinyy - dekanat / blanki - zayavleniy / perevod - iz - drugogo - vuza / ; 2. Справка о периоде обучения ( академическая справка ) ; 3. Справка о подтверждении обучения ( для студентов, обучающихся на бюджетной основе ) ; 4. Копия зачетной книжки ( для студентов, обучающихся нa бюджетной основе ) : 5. Копия паспорта ( страница с фото + регистрация ) ; 6. Копия лицензии и свидетельство об аккредитации ВУЗа с приложениями ; 7. Согласие на обработку персональных данных https : / / www. utmn. ru / o - tyumgu / organizatsionnaya - skhema - tyumgu / edinyy - dekanat / blanki - zayavleniy / perevod - iz - drugogo - vuza / ; 8. Согласие на обработку персональных данных, разрешенных субъектом персональных данных для распространения https : / / www. utmn. ru / o - tyumgu / organizatsionnaya - skhema - tyumgu / edinyy - dekanat / blanki - zayavleniy / perevod - iz - drugogo - vuza / ; 9. Заявление на перезачет с оценки "" зачтено "" на "" удовлетворительно "" https : / / www. utmn. ru / o - tyumgu / organizatsionnaya - skhema - tyumgu / edinyy - dekanat / blanki - zayavleniy / perevod - iz - drugogo - vuza / ; 10. СНИЛС ( при наличии ). Пакет документов для зачисления в ТюмГУ : 1. Выписка из приказа об отчислении переводом ( заверенная копия приказа об отчислении переводом ) 2. Оригинал справки о периоде обучения ( академической справки ) 3. Документ о предыдущем образовании 4. Одна фотография 3 * 4 для оформления студенческого билета 5. Подписанный договор и оплата обучения ( для студентов, зачисляющихся на договорное место ) ВАЖНО!!! В случае перевода на договорное место, необходимо заключить договор и произвести оплату в течение двух рабочих ‚ дней с момента уведомления о необходимости заключения договора работником отдела платных образовательных услуг. В случае несвоевременной оплаты Университет вправе отказать в процедуре перевода."
79,Какие документы нужны для перевода в ТюмГУ из другого ВУЗа?,86479047,"Пакет документов для подачи заявления на перевод : 1. Заявление о зачислении переводом https : / / www. utmn. ru / o - tyumgu / organizatsionnaya - skhema - tyumgu / edinyy - dekanat / blanki - zayavleniy / perevod - iz - drugogo - vuza / ; 2. Справка о периоде обучения ( академическая справка ) ; 3. Справка о подтверждении обучения ( для студентов, обучающихся на бюджетной основе ) ; 4. Копия зачетной книжки ( для студентов, обучающихся нa бюджетной основе ) : 5. Копия паспорта ( страница с фото + регистрация ) ; 6. Копия лицензии и свидетельство об аккредитации ВУЗа с приложениями ; 7. Согласие на обработку персональных данных https : / / www. utmn. ru / o - tyumgu / organizatsionnaya - skhema - tyumgu / edinyy - dekanat / blanki - zayavleniy / perevod - iz - drugogo - vuza / ; 8. Согласие на обработку персональных данных, разрешенных субъектом персональных данных для распространения https : / / www. utmn. ru / o - tyumgu / organizatsionnaya - skhema - tyumgu / edinyy - dekanat / blanki - zayavleniy / perevod - iz - drugogo - vuza / ; 9. Заявление на перезачет с оценки "" зачтено "" на "" удовлетворительно "" https : / / www. utmn. ru / o - tyumgu / organizatsionnaya - skhema - tyumgu / edinyy - dekanat / blanki - zayavleniy / perevod - iz - drugogo - vuza / ; 10. СНИЛС ( при наличии ). Пакет документов для зачисления в ТюмГУ : 1. Выписка из приказа об отчислении переводом ( заверенная копия приказа об отчислении переводом ) 2. Оригинал справки о периоде обучения ( академической справки ) 3. Документ о предыдущем образовании 4. Одна фотография 3 * 4 для оформления студенческого билета 5. Подписанный договор и оплата обучения ( для студентов, зачисляющихся на договорное место ) ВАЖНО!!! В случае перевода на договорное место, необходимо заключить договор и произвести оплату в течение двух рабочих ‚ дней с момента уведомления о необходимости заключения договора работником отдела платных образовательных услуг. В случае несвоевременной оплаты Университет вправе отказать в процедуре перевода."
80,Перечень документов для перевода в ТюмГУ,86479047,"Пакет документов для подачи заявления на перевод : 1. Заявление о зачислении переводом https : / / www. utmn. ru / o - tyumgu / organizatsionnaya - skhema - tyumgu / edinyy - dekanat / blanki - zayavleniy / perevod - iz - drugogo - vuza / ; 2. Справка о периоде обучения ( академическая справка ) ; 3. Справка о подтверждении обучения ( для студентов, обучающихся на бюджетной основе ) ; 4. Копия зачетной книжки ( для студентов, обучающихся нa бюджетной основе ) : 5. Копия паспорта ( страница с фото + регистрация ) ; 6. Копия лицензии и свидетельство об аккредитации ВУЗа с приложениями ; 7. Согласие на обработку персональных данных https : / / www. utmn. ru / o - tyumgu / organizatsionnaya - skhema - tyumgu / edinyy - dekanat / blanki - zayavleniy / perevod - iz - drugogo - vuza / ; 8. Согласие на обработку персональных данных, разрешенных субъектом персональных данных для распространения https : / / www. utmn. ru / o - tyumgu / organizatsionnaya - skhema - tyumgu / edinyy - dekanat / blanki - zayavleniy / perevod - iz - drugogo - vuza / ; 9. Заявление на перезачет с оценки "" зачтено "" на "" удовлетворительно "" https : / / www. utmn. ru / o - tyumgu / organizatsionnaya - skhema - tyumgu / edinyy - dekanat / blanki - zayavleniy / perevod - iz - drugogo - vuza / ; 10. СНИЛС ( при наличии ). Пакет документов для зачисления в ТюмГУ : 1. Выписка из приказа об отчислении переводом ( заверенная копия приказа об отчислении переводом ) 2. Оригинал справки о периоде обучения ( академической справки ) 3. Документ о предыдущем образовании 4. Одна фотография 3 * 4 для оформления студенческого билета 5. Подписанный договор и оплата обучения ( для студентов, зачисляющихся на договорное место ) ВАЖНО!!! В случае перевода на договорное место, необходимо заключить договор и произвести оплату в течение двух рабочих ‚ дней с момента уведомления о необходимости заключения договора работником отдела платных образовательных услуг. В случае несвоевременной оплаты Университет вправе отказать в процедуре перевода."
81,Куда обращаться по поводу оплаты обучения?,86479050,"По вопросам оплаты обучения, суммы задолженности, получения реквизитов обратитесь в отдел платных образовательных услуг, написав на почту udodep @ utmn. ru или позвонив по телефону ( 3452 ) 59 - 74 - 00, доб. 14312, либо 14314, либо 14362. Адрес отдела платных образовательных услуг : ул. Ленина, д. 16, каб. 105. Для оплаты за обучение материнским капиталом напишите запрос на получение документов на почту udodep @ utmn. ru отдела платных образовательных услуг. На данный момент действует приказ 363 - 1 о предоставлении рассрочки по оплате за обучение ознакомиться с приказом можно на сайте utmn. ru в разделе "" Стоимость обучения "", заполненное заявление вместе с подтверждающими документами направьте на почту udodep @ utmn. ru или 12222 @ utmn. ru Сроки оплаты по договору у студентов очной формы обучения до 1 июля и до 15 декабря соответствующего года, у студентов заочной и очно - заочной формы обучения за 30 дней до начала сессии."
82,Когда я должен заплатить за обучение?,86479050,"По вопросам оплаты обучения, суммы задолженности, получения реквизитов обратитесь в отдел платных образовательных услуг, написав на почту udodep @ utmn. ru или позвонив по телефону ( 3452 ) 59 - 74 - 00, доб. 14312, либо 14314, либо 14362. Адрес отдела платных образовательных услуг : ул. Ленина, д. 16, каб. 105. Для оплаты за обучение материнским капиталом напишите запрос на получение документов на почту udodep @ utmn. ru отдела платных образовательных услуг. На данный момент действует приказ 363 - 1 о предоставлении рассрочки по оплате за обучение ознакомиться с приказом можно на сайте utmn. ru в разделе "" Стоимость обучения "", заполненное заявление вместе с подтверждающими документами направьте на почту udodep @ utmn. ru или 12222 @ utmn. ru Сроки оплаты по договору у студентов очной формы обучения до 1 июля и до 15 декабря соответствующего года, у студентов заочной и очно - заочной формы обучения за 30 дней до начала сессии."
83,Сколько у меня есть времени для оплаты обучения?,86479050,"По вопросам оплаты обучения, суммы задолженности, получения реквизитов обратитесь в отдел платных образовательных услуг, написав на почту udodep @ utmn. ru или позвонив по телефону ( 3452 ) 59 - 74 - 00, доб. 14312, либо 14314, либо 14362. Адрес отдела платных образовательных услуг : ул. Ленина, д. 16, каб. 105. Для оплаты за обучение материнским капиталом напишите запрос на получение документов на почту udodep @ utmn. ru отдела платных образовательных услуг. На данный момент действует приказ 363 - 1 о предоставлении рассрочки по оплате за обучение ознакомиться с приказом можно на сайте utmn. ru в разделе "" Стоимость обучения "", заполненное заявление вместе с подтверждающими документами направьте на почту udodep @ utmn. ru или 12222 @ utmn. ru Сроки оплаты по договору у студентов очной формы обучения до 1 июля и до 15 декабря соответствующего года, у студентов заочной и очно - заочной формы обучения за 30 дней до начала сессии."
84,Я забыл когда нужно оплатить обучение,86479050,"По вопросам оплаты обучения, суммы задолженности, получения реквизитов обратитесь в отдел платных образовательных услуг, написав на почту udodep @ utmn. ru или позвонив по телефону ( 3452 ) 59 - 74 - 00, доб. 14312, либо 14314, либо 14362. Адрес отдела платных образовательных услуг : ул. Ленина, д. 16, каб. 105. Для оплаты за обучение материнским капиталом напишите запрос на получение документов на почту udodep @ utmn. ru отдела платных образовательных услуг. На данный момент действует приказ 363 - 1 о предоставлении рассрочки по оплате за обучение ознакомиться с приказом можно на сайте utmn. ru в разделе "" Стоимость обучения "", заполненное заявление вместе с подтверждающими документами направьте на почту udodep @ utmn. ru или 12222 @ utmn. ru Сроки оплаты по договору у студентов очной формы обучения до 1 июля и до 15 декабря соответствующего года, у студентов заочной и очно - заочной формы обучения за 30 дней до начала сессии."
85,Где продлять студак?,86479052,"Для восстановления студенческого билета Вам необходимо подать заявление в Едином деканате ( ул. Семакова, д. 18, холл 3 этажа ). При себе иметь фото 3 * 4 и паспорт. Чтобы продлить студенческий билет, необходимо подойти в Единый деканат к специалисту, курирующему Ваш институт ( ул. Семакова, д. 18, каб. 302 либо 305 ). Если Вы потеряли магнитную карту ( пропуск, проходка ), необходимо подать заявление на ее восстановление в Едином деканате ( ул. Семакова, д. 18, 3 этаж ). При себе иметь паспорт или студенческий билет. Если Ваша магнитная карта ( пропуск, проходка ) не работает, необходимо обратиться в Центр информационных технологий по адресу : ул. Ленина, д. 23, каб. 310. При себе иметь карту, паспорт либо продленый студенческий билет."
86,Как восстановить пропуск?,86479052,"Для восстановления студенческого билета Вам необходимо подать заявление в Едином деканате ( ул. Семакова, д. 18, холл 3 этажа ). При себе иметь фото 3 * 4 и паспорт. Чтобы продлить студенческий билет, необходимо подойти в Единый деканат к специалисту, курирующему Ваш институт ( ул. Семакова, д. 18, каб. 302 либо 305 ). Если Вы потеряли магнитную карту ( пропуск, проходка ), необходимо подать заявление на ее восстановление в Едином деканате ( ул. Семакова, д. 18, 3 этаж ). При себе иметь паспорт или студенческий билет. Если Ваша магнитная карта ( пропуск, проходка ) не работает, необходимо обратиться в Центр информационных технологий по адресу : ул. Ленина, д. 23, каб. 310. При себе иметь карту, паспорт либо продленый студенческий билет."
87,Какого формата фотография нужна для студенческого билета?,86479052,"Для восстановления студенческого билета Вам необходимо подать заявление в Едином деканате ( ул. Семакова, д. 18, холл 3 этажа ). При себе иметь фото 3 * 4 и паспорт. Чтобы продлить студенческий билет, необходимо подойти в Единый деканат к специалисту, курирующему Ваш институт ( ул. Семакова, д. 18, каб. 302 либо 305 ). Если Вы потеряли магнитную карту ( пропуск, проходка ), необходимо подать заявление на ее восстановление в Едином деканате ( ул. Семакова, д. 18, 3 этаж ). При себе иметь паспорт или студенческий билет. Если Ваша магнитная карта ( пропуск, проходка ) не работает, необходимо обратиться в Центр информационных технологий по адресу : ул. Ленина, д. 23, каб. 310. При себе иметь карту, паспорт либо продленый студенческий билет."
88,что делать при потере студенческого билета?,86479052,"Для восстановления студенческого билета Вам необходимо подать заявление в Едином деканате ( ул. Семакова, д. 18, холл 3 этажа ). При себе иметь фото 3 * 4 и паспорт. Чтобы продлить студенческий билет, необходимо подойти в Единый деканат к специалисту, курирующему Ваш институт ( ул. Семакова, д. 18, каб. 302 либо 305 ). Если Вы потеряли магнитную карту ( пропуск, проходка ), необходимо подать заявление на ее восстановление в Едином деканате ( ул. Семакова, д. 18, 3 этаж ). При себе иметь паспорт или студенческий билет. Если Ваша магнитная карта ( пропуск, проходка ) не работает, необходимо обратиться в Центр информационных технологий по адресу : ул. Ленина, д. 23, каб. 310. При себе иметь карту, паспорт либо продленый студенческий билет."
89,Что делать при потере проходки?,86479052,"Для восстановления студенческого билета Вам необходимо подать заявление в Едином деканате ( ул. Семакова, д. 18, холл 3 этажа ). При себе иметь фото 3 * 4 и паспорт. Чтобы продлить студенческий билет, необходимо подойти в Единый деканат к специалисту, курирующему Ваш институт ( ул. Семакова, д. 18, каб. 302 либо 305 ). Если Вы потеряли магнитную карту ( пропуск, проходка ), необходимо подать заявление на ее восстановление в Едином деканате ( ул. Семакова, д. 18, 3 этаж ). При себе иметь паспорт или студенческий билет. Если Ваша магнитная карта ( пропуск, проходка ) не работает, необходимо обратиться в Центр информационных технологий по адресу : ул. Ленина, д. 23, каб. 310. При себе иметь карту, паспорт либо продленый студенческий билет."
90,Что делать при потере магнитной карты?,86479052,"Для восстановления студенческого билета Вам необходимо подать заявление в Едином деканате ( ул. Семакова, д. 18, холл 3 этажа ). При себе иметь фото 3 * 4 и паспорт. Чтобы продлить студенческий билет, необходимо подойти в Единый деканат к специалисту, курирующему Ваш институт ( ул. Семакова, д. 18, каб. 302 либо 305 ). Если Вы потеряли магнитную карту ( пропуск, проходка ), необходимо подать заявление на ее восстановление в Едином деканате ( ул. Семакова, д. 18, 3 этаж ). При себе иметь паспорт или студенческий билет. Если Ваша магнитная карта ( пропуск, проходка ) не работает, необходимо обратиться в Центр информационных технологий по адресу : ул. Ленина, д. 23, каб. 310. При себе иметь карту, паспорт либо продленый студенческий билет."
91,Я потерял проходку. К кому обратиться?,86479052,"Для восстановления студенческого билета Вам необходимо подать заявление в Едином деканате ( ул. Семакова, д. 18, холл 3 этажа ). При себе иметь фото 3 * 4 и паспорт. Чтобы продлить студенческий билет, необходимо подойти в Единый деканат к специалисту, курирующему Ваш институт ( ул. Семакова, д. 18, каб. 302 либо 305 ). Если Вы потеряли магнитную карту ( пропуск, проходка ), необходимо подать заявление на ее восстановление в Едином деканате ( ул. Семакова, д. 18, 3 этаж ). При себе иметь паспорт или студенческий билет. Если Ваша магнитная карта ( пропуск, проходка ) не работает, необходимо обратиться в Центр информационных технологий по адресу : ул. Ленина, д. 23, каб. 310. При себе иметь карту, паспорт либо продленый студенческий билет."
92,Я потерял магнитную карту. К кому обратиться?,86479052,"Для восстановления студенческого билета Вам необходимо подать заявление в Едином деканате ( ул. Семакова, д. 18, холл 3 этажа ). При себе иметь фото 3 * 4 и паспорт. Чтобы продлить студенческий билет, необходимо подойти в Единый деканат к специалисту, курирующему Ваш институт ( ул. Семакова, д. 18, каб. 302 либо 305 ). Если Вы потеряли магнитную карту ( пропуск, проходка ), необходимо подать заявление на ее восстановление в Едином деканате ( ул. Семакова, д. 18, 3 этаж ). При себе иметь паспорт или студенческий билет. Если Ваша магнитная карта ( пропуск, проходка ) не работает, необходимо обратиться в Центр информационных технологий по адресу : ул. Ленина, д. 23, каб. 310. При себе иметь карту, паспорт либо продленый студенческий билет."
93,Как сменить общежитие?,86479054,"По вопросам, касающимся общежития, обратитесь в Центр по работе с общежитиями. Адрес : ул. Красина, д. 19 ( общежитие №5 ), телефон : ( 3452 ) 59 - 75 - 69"
94,Как получить место в общежитии?,86479054,"По вопросам, касающимся общежития, обратитесь в Центр по работе с общежитиями. Адрес : ул. Красина, д. 19 ( общежитие №5 ), телефон : ( 3452 ) 59 - 75 - 69"
95,Куда обратиться по поводу общежития?,86479054,"По вопросам, касающимся общежития, обратитесь в Центр по работе с общежитиями. Адрес : ул. Красина, д. 19 ( общежитие №5 ), телефон : ( 3452 ) 59 - 75 - 69"
96,Я хожу в фитнес-клуб. Как заменить физкультуру?,86479056,"Выбор спортивных секций по Физической культуре будет проходить в ИС Модеус во вкладке "" Выбор модулей "". Вам нужно будет выбрать 2 интересующие Вас спортивные секции, которые будут проходить каждую неделю в одно и то же время. Ограничения : 1 ) Записаться можно не более чем на 2 занятия в неделю 2 ) Нельзя записываться на два занятия подряд. Вас могут не допустить на занятие, если Вы были на предыдущей паре и / или уже посетили два занятия за неделю. При этом расписание на наличие конфликтов Вы проверяете самостоятельно в соответствии с Вашим расписанием в ИС Модеус и расписанием спортивных секций ( во вложенных файлах ). Ваш выбор пролонгируется до конца семестра, однако в любой момент Вы можете его изменить, отписавшись от одной секции и записавшись на другую. ВАЖНО! Студент, пропустивший два занятия подряд, будет отписан автоматически. Выбор Физической культуры откроется 06. 09. 2023 и будет открыт до конца семестра. Для успешной аттестации по дисциплине « Физическая культура : элективные курсы по видам спорта » Вы должны набрать не менее 61 балла по балльно - рейтинговой оценочной шкале. Для этого Вы можете : 1 ) Посещать академические занятия ( 3 балла за каждое занятие ) ; 2 ) Принять участие в спортивно - массовых мероприятиях университета : Днях здорового образа жизни, Маршрут Дружбы, Кросс Наций, и других ( 0 - 10 баллов за каждое мероприятие ). 3 ) Принять участите в соревнованиях по видам спорта ( 0 [UNK] 60 баллов ) ; 4 ) Выполнить ВФСК ГТО ( 0 [UNK] 60 баллов ). Для оформления посещения спортивного зала вместо практических занятий по физкультуре студент к первому занятию по физической культуре представляет тренеру - преподавателю по спорту ( куратору по физкультуре ) пакет документов ( https : / / www. utmn. ru / upload / medialibrary / 676 / Polozhenie - o - realizatsii - distsiplin - _ moduley _ - po - fizicheskoy - kulture - _ sportu _. pdf ) и приходит на зачётное мероприятие. ВАЖНО!!! Все документы должны быть предоставлены в течение первой учебной недели. Список ответственных за прием документов спортзала по институтам ( Ленина, 6 ) : 1. ИГиП, Антропошкола [UNK] Пырлич Юлия Васильевна ( y. v. pyrlich @ utmn. ru ) 2. СоцГум - Ерженин Владимир Сергеевич ( v. s. erzhenin @ utmn. ru ) 3. ФЭИ - Копякова Анна Леонидовна ( a. l. kopyakova @ utmn. ru ) 4. ИнЗем - Питулин Артём Владимирович ( a. v. pitulin @ utmn. ru ) 5. ФТИ, ИнХим, ШЕН [UNK] Пырлич Юлия Васильевна ( y. v. pyrlich @ utmn. ru ) 6. ИнБио - Криводанова Наталья Александровна ( n. a. krivodanova @ utmn. ru ) 7. Школа образования - Баянов Николай Ильич ( n. i. bayanov @ utmn. ru ) 8. ШКН - Тверских Владислав Владимирович ( vl. v. tverskikh @ utmn. ru ) # физкультура"
97,Как можно получать баллы за физру?,86479056,"Выбор спортивных секций по Физической культуре будет проходить в ИС Модеус во вкладке "" Выбор модулей "". Вам нужно будет выбрать 2 интересующие Вас спортивные секции, которые будут проходить каждую неделю в одно и то же время. Ограничения : 1 ) Записаться можно не более чем на 2 занятия в неделю 2 ) Нельзя записываться на два занятия подряд. Вас могут не допустить на занятие, если Вы были на предыдущей паре и / или уже посетили два занятия за неделю. При этом расписание на наличие конфликтов Вы проверяете самостоятельно в соответствии с Вашим расписанием в ИС Модеус и расписанием спортивных секций ( во вложенных файлах ). Ваш выбор пролонгируется до конца семестра, однако в любой момент Вы можете его изменить, отписавшись от одной секции и записавшись на другую. ВАЖНО! Студент, пропустивший два занятия подряд, будет отписан автоматически. Выбор Физической культуры откроется 06. 09. 2023 и будет открыт до конца семестра. Для успешной аттестации по дисциплине « Физическая культура : элективные курсы по видам спорта » Вы должны набрать не менее 61 балла по балльно - рейтинговой оценочной шкале. Для этого Вы можете : 1 ) Посещать академические занятия ( 3 балла за каждое занятие ) ; 2 ) Принять участие в спортивно - массовых мероприятиях университета : Днях здорового образа жизни, Маршрут Дружбы, Кросс Наций, и других ( 0 - 10 баллов за каждое мероприятие ). 3 ) Принять участите в соревнованиях по видам спорта ( 0 [UNK] 60 баллов ) ; 4 ) Выполнить ВФСК ГТО ( 0 [UNK] 60 баллов ). Для оформления посещения спортивного зала вместо практических занятий по физкультуре студент к первому занятию по физической культуре представляет тренеру - преподавателю по спорту ( куратору по физкультуре ) пакет документов ( https : / / www. utmn. ru / upload / medialibrary / 676 / Polozhenie - o - realizatsii - distsiplin - _ moduley _ - po - fizicheskoy - kulture - _ sportu _. pdf ) и приходит на зачётное мероприятие. ВАЖНО!!! Все документы должны быть предоставлены в течение первой учебной недели. Список ответственных за прием документов спортзала по институтам ( Ленина, 6 ) : 1. ИГиП, Антропошкола [UNK] Пырлич Юлия Васильевна ( y. v. pyrlich @ utmn. ru ) 2. СоцГум - Ерженин Владимир Сергеевич ( v. s. erzhenin @ utmn. ru ) 3. ФЭИ - Копякова Анна Леонидовна ( a. l. kopyakova @ utmn. ru ) 4. ИнЗем - Питулин Артём Владимирович ( a. v. pitulin @ utmn. ru ) 5. ФТИ, ИнХим, ШЕН [UNK] Пырлич Юлия Васильевна ( y. v. pyrlich @ utmn. ru ) 6. ИнБио - Криводанова Наталья Александровна ( n. a. krivodanova @ utmn. ru ) 7. Школа образования - Баянов Николай Ильич ( n. i. bayanov @ utmn. ru ) 8. ШКН - Тверских Владислав Владимирович ( vl. v. tverskikh @ utmn. ru ) # физкультура"
98,"Кому можно отдать документы, чтобы закрывать физру через спорт зал?",86479056,"Выбор спортивных секций по Физической культуре будет проходить в ИС Модеус во вкладке "" Выбор модулей "". Вам нужно будет выбрать 2 интересующие Вас спортивные секции, которые будут проходить каждую неделю в одно и то же время. Ограничения : 1 ) Записаться можно не более чем на 2 занятия в неделю 2 ) Нельзя записываться на два занятия подряд. Вас могут не допустить на занятие, если Вы были на предыдущей паре и / или уже посетили два занятия за неделю. При этом расписание на наличие конфликтов Вы проверяете самостоятельно в соответствии с Вашим расписанием в ИС Модеус и расписанием спортивных секций ( во вложенных файлах ). Ваш выбор пролонгируется до конца семестра, однако в любой момент Вы можете его изменить, отписавшись от одной секции и записавшись на другую. ВАЖНО! Студент, пропустивший два занятия подряд, будет отписан автоматически. Выбор Физической культуры откроется 06. 09. 2023 и будет открыт до конца семестра. Для успешной аттестации по дисциплине « Физическая культура : элективные курсы по видам спорта » Вы должны набрать не менее 61 балла по балльно - рейтинговой оценочной шкале. Для этого Вы можете : 1 ) Посещать академические занятия ( 3 балла за каждое занятие ) ; 2 ) Принять участие в спортивно - массовых мероприятиях университета : Днях здорового образа жизни, Маршрут Дружбы, Кросс Наций, и других ( 0 - 10 баллов за каждое мероприятие ). 3 ) Принять участите в соревнованиях по видам спорта ( 0 [UNK] 60 баллов ) ; 4 ) Выполнить ВФСК ГТО ( 0 [UNK] 60 баллов ). Для оформления посещения спортивного зала вместо практических занятий по физкультуре студент к первому занятию по физической культуре представляет тренеру - преподавателю по спорту ( куратору по физкультуре ) пакет документов ( https : / / www. utmn. ru / upload / medialibrary / 676 / Polozhenie - o - realizatsii - distsiplin - _ moduley _ - po - fizicheskoy - kulture - _ sportu _. pdf ) и приходит на зачётное мероприятие. ВАЖНО!!! Все документы должны быть предоставлены в течение первой учебной недели. Список ответственных за прием документов спортзала по институтам ( Ленина, 6 ) : 1. ИГиП, Антропошкола [UNK] Пырлич Юлия Васильевна ( y. v. pyrlich @ utmn. ru ) 2. СоцГум - Ерженин Владимир Сергеевич ( v. s. erzhenin @ utmn. ru ) 3. ФЭИ - Копякова Анна Леонидовна ( a. l. kopyakova @ utmn. ru ) 4. ИнЗем - Питулин Артём Владимирович ( a. v. pitulin @ utmn. ru ) 5. ФТИ, ИнХим, ШЕН [UNK] Пырлич Юлия Васильевна ( y. v. pyrlich @ utmn. ru ) 6. ИнБио - Криводанова Наталья Александровна ( n. a. krivodanova @ utmn. ru ) 7. Школа образования - Баянов Николай Ильич ( n. i. bayanov @ utmn. ru ) 8. ШКН - Тверских Владислав Владимирович ( vl. v. tverskikh @ utmn. ru ) # физкультура"
99,Сколько часов нужно отходить в спортзал для зачета?,86479056,"Выбор спортивных секций по Физической культуре будет проходить в ИС Модеус во вкладке "" Выбор модулей "". Вам нужно будет выбрать 2 интересующие Вас спортивные секции, которые будут проходить каждую неделю в одно и то же время. Ограничения : 1 ) Записаться можно не более чем на 2 занятия в неделю 2 ) Нельзя записываться на два занятия подряд. Вас могут не допустить на занятие, если Вы были на предыдущей паре и / или уже посетили два занятия за неделю. При этом расписание на наличие конфликтов Вы проверяете самостоятельно в соответствии с Вашим расписанием в ИС Модеус и расписанием спортивных секций ( во вложенных файлах ). Ваш выбор пролонгируется до конца семестра, однако в любой момент Вы можете его изменить, отписавшись от одной секции и записавшись на другую. ВАЖНО! Студент, пропустивший два занятия подряд, будет отписан автоматически. Выбор Физической культуры откроется 06. 09. 2023 и будет открыт до конца семестра. Для успешной аттестации по дисциплине « Физическая культура : элективные курсы по видам спорта » Вы должны набрать не менее 61 балла по балльно - рейтинговой оценочной шкале. Для этого Вы можете : 1 ) Посещать академические занятия ( 3 балла за каждое занятие ) ; 2 ) Принять участие в спортивно - массовых мероприятиях университета : Днях здорового образа жизни, Маршрут Дружбы, Кросс Наций, и других ( 0 - 10 баллов за каждое мероприятие ). 3 ) Принять участите в соревнованиях по видам спорта ( 0 [UNK] 60 баллов ) ; 4 ) Выполнить ВФСК ГТО ( 0 [UNK] 60 баллов ). Для оформления посещения спортивного зала вместо практических занятий по физкультуре студент к первому занятию по физической культуре представляет тренеру - преподавателю по спорту ( куратору по физкультуре ) пакет документов ( https : / / www. utmn. ru / upload / medialibrary / 676 / Polozhenie - o - realizatsii - distsiplin - _ moduley _ - po - fizicheskoy - kulture - _ sportu _. pdf ) и приходит на зачётное мероприятие. ВАЖНО!!! Все документы должны быть предоставлены в течение первой учебной недели. Список ответственных за прием документов спортзала по институтам ( Ленина, 6 ) : 1. ИГиП, Антропошкола [UNK] Пырлич Юлия Васильевна ( y. v. pyrlich @ utmn. ru ) 2. СоцГум - Ерженин Владимир Сергеевич ( v. s. erzhenin @ utmn. ru ) 3. ФЭИ - Копякова Анна Леонидовна ( a. l. kopyakova @ utmn. ru ) 4. ИнЗем - Питулин Артём Владимирович ( a. v. pitulin @ utmn. ru ) 5. ФТИ, ИнХим, ШЕН [UNK] Пырлич Юлия Васильевна ( y. v. pyrlich @ utmn. ru ) 6. ИнБио - Криводанова Наталья Александровна ( n. a. krivodanova @ utmn. ru ) 7. Школа образования - Баянов Николай Ильич ( n. i. bayanov @ utmn. ru ) 8. ШКН - Тверских Владислав Владимирович ( vl. v. tverskikh @ utmn. ru ) # физкультура"
100,до какого числа сдать договор по физре?,86479056,"Выбор спортивных секций по Физической культуре будет проходить в ИС Модеус во вкладке "" Выбор модулей "". Вам нужно будет выбрать 2 интересующие Вас спортивные секции, которые будут проходить каждую неделю в одно и то же время. Ограничения : 1 ) Записаться можно не более чем на 2 занятия в неделю 2 ) Нельзя записываться на два занятия подряд. Вас могут не допустить на занятие, если Вы были на предыдущей паре и / или уже посетили два занятия за неделю. При этом расписание на наличие конфликтов Вы проверяете самостоятельно в соответствии с Вашим расписанием в ИС Модеус и расписанием спортивных секций ( во вложенных файлах ). Ваш выбор пролонгируется до конца семестра, однако в любой момент Вы можете его изменить, отписавшись от одной секции и записавшись на другую. ВАЖНО! Студент, пропустивший два занятия подряд, будет отписан автоматически. Выбор Физической культуры откроется 06. 09. 2023 и будет открыт до конца семестра. Для успешной аттестации по дисциплине « Физическая культура : элективные курсы по видам спорта » Вы должны набрать не менее 61 балла по балльно - рейтинговой оценочной шкале. Для этого Вы можете : 1 ) Посещать академические занятия ( 3 балла за каждое занятие ) ; 2 ) Принять участие в спортивно - массовых мероприятиях университета : Днях здорового образа жизни, Маршрут Дружбы, Кросс Наций, и других ( 0 - 10 баллов за каждое мероприятие ). 3 ) Принять участите в соревнованиях по видам спорта ( 0 [UNK] 60 баллов ) ; 4 ) Выполнить ВФСК ГТО ( 0 [UNK] 60 баллов ). Для оформления посещения спортивного зала вместо практических занятий по физкультуре студент к первому занятию по физической культуре представляет тренеру - преподавателю по спорту ( куратору по физкультуре ) пакет документов ( https : / / www. utmn. ru / upload / medialibrary / 676 / Polozhenie - o - realizatsii - distsiplin - _ moduley _ - po - fizicheskoy - kulture - _ sportu _. pdf ) и приходит на зачётное мероприятие. ВАЖНО!!! Все документы должны быть предоставлены в течение первой учебной недели. Список ответственных за прием документов спортзала по институтам ( Ленина, 6 ) : 1. ИГиП, Антропошкола [UNK] Пырлич Юлия Васильевна ( y. v. pyrlich @ utmn. ru ) 2. СоцГум - Ерженин Владимир Сергеевич ( v. s. erzhenin @ utmn. ru ) 3. ФЭИ - Копякова Анна Леонидовна ( a. l. kopyakova @ utmn. ru ) 4. ИнЗем - Питулин Артём Владимирович ( a. v. pitulin @ utmn. ru ) 5. ФТИ, ИнХим, ШЕН [UNK] Пырлич Юлия Васильевна ( y. v. pyrlich @ utmn. ru ) 6. ИнБио - Криводанова Наталья Александровна ( n. a. krivodanova @ utmn. ru ) 7. Школа образования - Баянов Николай Ильич ( n. i. bayanov @ utmn. ru ) 8. ШКН - Тверских Владислав Владимирович ( vl. v. tverskikh @ utmn. ru ) # физкультура"
101,кому отдать договор по физре?,86479056,"Выбор спортивных секций по Физической культуре будет проходить в ИС Модеус во вкладке "" Выбор модулей "". Вам нужно будет выбрать 2 интересующие Вас спортивные секции, которые будут проходить каждую неделю в одно и то же время. Ограничения : 1 ) Записаться можно не более чем на 2 занятия в неделю 2 ) Нельзя записываться на два занятия подряд. Вас могут не допустить на занятие, если Вы были на предыдущей паре и / или уже посетили два занятия за неделю. При этом расписание на наличие конфликтов Вы проверяете самостоятельно в соответствии с Вашим расписанием в ИС Модеус и расписанием спортивных секций ( во вложенных файлах ). Ваш выбор пролонгируется до конца семестра, однако в любой момент Вы можете его изменить, отписавшись от одной секции и записавшись на другую. ВАЖНО! Студент, пропустивший два занятия подряд, будет отписан автоматически. Выбор Физической культуры откроется 06. 09. 2023 и будет открыт до конца семестра. Для успешной аттестации по дисциплине « Физическая культура : элективные курсы по видам спорта » Вы должны набрать не менее 61 балла по балльно - рейтинговой оценочной шкале. Для этого Вы можете : 1 ) Посещать академические занятия ( 3 балла за каждое занятие ) ; 2 ) Принять участие в спортивно - массовых мероприятиях университета : Днях здорового образа жизни, Маршрут Дружбы, Кросс Наций, и других ( 0 - 10 баллов за каждое мероприятие ). 3 ) Принять участите в соревнованиях по видам спорта ( 0 [UNK] 60 баллов ) ; 4 ) Выполнить ВФСК ГТО ( 0 [UNK] 60 баллов ). Для оформления посещения спортивного зала вместо практических занятий по физкультуре студент к первому занятию по физической культуре представляет тренеру - преподавателю по спорту ( куратору по физкультуре ) пакет документов ( https : / / www. utmn. ru / upload / medialibrary / 676 / Polozhenie - o - realizatsii - distsiplin - _ moduley _ - po - fizicheskoy - kulture - _ sportu _. pdf ) и приходит на зачётное мероприятие. ВАЖНО!!! Все документы должны быть предоставлены в течение первой учебной недели. Список ответственных за прием документов спортзала по институтам ( Ленина, 6 ) : 1. ИГиП, Антропошкола [UNK] Пырлич Юлия Васильевна ( y. v. pyrlich @ utmn. ru ) 2. СоцГум - Ерженин Владимир Сергеевич ( v. s. erzhenin @ utmn. ru ) 3. ФЭИ - Копякова Анна Леонидовна ( a. l. kopyakova @ utmn. ru ) 4. ИнЗем - Питулин Артём Владимирович ( a. v. pitulin @ utmn. ru ) 5. ФТИ, ИнХим, ШЕН [UNK] Пырлич Юлия Васильевна ( y. v. pyrlich @ utmn. ru ) 6. ИнБио - Криводанова Наталья Александровна ( n. a. krivodanova @ utmn. ru ) 7. Школа образования - Баянов Николай Ильич ( n. i. bayanov @ utmn. ru ) 8. ШКН - Тверских Владислав Владимирович ( vl. v. tverskikh @ utmn. ru ) # физкультура"
102,кому отдать договор фитнес-клуба?,86479056,"Выбор спортивных секций по Физической культуре будет проходить в ИС Модеус во вкладке "" Выбор модулей "". Вам нужно будет выбрать 2 интересующие Вас спортивные секции, которые будут проходить каждую неделю в одно и то же время. Ограничения : 1 ) Записаться можно не более чем на 2 занятия в неделю 2 ) Нельзя записываться на два занятия подряд. Вас могут не допустить на занятие, если Вы были на предыдущей паре и / или уже посетили два занятия за неделю. При этом расписание на наличие конфликтов Вы проверяете самостоятельно в соответствии с Вашим расписанием в ИС Модеус и расписанием спортивных секций ( во вложенных файлах ). Ваш выбор пролонгируется до конца семестра, однако в любой момент Вы можете его изменить, отписавшись от одной секции и записавшись на другую. ВАЖНО! Студент, пропустивший два занятия подряд, будет отписан автоматически. Выбор Физической культуры откроется 06. 09. 2023 и будет открыт до конца семестра. Для успешной аттестации по дисциплине « Физическая культура : элективные курсы по видам спорта » Вы должны набрать не менее 61 балла по балльно - рейтинговой оценочной шкале. Для этого Вы можете : 1 ) Посещать академические занятия ( 3 балла за каждое занятие ) ; 2 ) Принять участие в спортивно - массовых мероприятиях университета : Днях здорового образа жизни, Маршрут Дружбы, Кросс Наций, и других ( 0 - 10 баллов за каждое мероприятие ). 3 ) Принять участите в соревнованиях по видам спорта ( 0 [UNK] 60 баллов ) ; 4 ) Выполнить ВФСК ГТО ( 0 [UNK] 60 баллов ). Для оформления посещения спортивного зала вместо практических занятий по физкультуре студент к первому занятию по физической культуре представляет тренеру - преподавателю по спорту ( куратору по физкультуре ) пакет документов ( https : / / www. utmn. ru / upload / medialibrary / 676 / Polozhenie - o - realizatsii - distsiplin - _ moduley _ - po - fizicheskoy - kulture - _ sportu _. pdf ) и приходит на зачётное мероприятие. ВАЖНО!!! Все документы должны быть предоставлены в течение первой учебной недели. Список ответственных за прием документов спортзала по институтам ( Ленина, 6 ) : 1. ИГиП, Антропошкола [UNK] Пырлич Юлия Васильевна ( y. v. pyrlich @ utmn. ru ) 2. СоцГум - Ерженин Владимир Сергеевич ( v. s. erzhenin @ utmn. ru ) 3. ФЭИ - Копякова Анна Леонидовна ( a. l. kopyakova @ utmn. ru ) 4. ИнЗем - Питулин Артём Владимирович ( a. v. pitulin @ utmn. ru ) 5. ФТИ, ИнХим, ШЕН [UNK] Пырлич Юлия Васильевна ( y. v. pyrlich @ utmn. ru ) 6. ИнБио - Криводанова Наталья Александровна ( n. a. krivodanova @ utmn. ru ) 7. Школа образования - Баянов Николай Ильич ( n. i. bayanov @ utmn. ru ) 8. ШКН - Тверских Владислав Владимирович ( vl. v. tverskikh @ utmn. ru ) # физкультура"
103,как закрыть физкультуру?,86479056,"Выбор спортивных секций по Физической культуре будет проходить в ИС Модеус во вкладке "" Выбор модулей "". Вам нужно будет выбрать 2 интересующие Вас спортивные секции, которые будут проходить каждую неделю в одно и то же время. Ограничения : 1 ) Записаться можно не более чем на 2 занятия в неделю 2 ) Нельзя записываться на два занятия подряд. Вас могут не допустить на занятие, если Вы были на предыдущей паре и / или уже посетили два занятия за неделю. При этом расписание на наличие конфликтов Вы проверяете самостоятельно в соответствии с Вашим расписанием в ИС Модеус и расписанием спортивных секций ( во вложенных файлах ). Ваш выбор пролонгируется до конца семестра, однако в любой момент Вы можете его изменить, отписавшись от одной секции и записавшись на другую. ВАЖНО! Студент, пропустивший два занятия подряд, будет отписан автоматически. Выбор Физической культуры откроется 06. 09. 2023 и будет открыт до конца семестра. Для успешной аттестации по дисциплине « Физическая культура : элективные курсы по видам спорта » Вы должны набрать не менее 61 балла по балльно - рейтинговой оценочной шкале. Для этого Вы можете : 1 ) Посещать академические занятия ( 3 балла за каждое занятие ) ; 2 ) Принять участие в спортивно - массовых мероприятиях университета : Днях здорового образа жизни, Маршрут Дружбы, Кросс Наций, и других ( 0 - 10 баллов за каждое мероприятие ). 3 ) Принять участите в соревнованиях по видам спорта ( 0 [UNK] 60 баллов ) ; 4 ) Выполнить ВФСК ГТО ( 0 [UNK] 60 баллов ). Для оформления посещения спортивного зала вместо практических занятий по физкультуре студент к первому занятию по физической культуре представляет тренеру - преподавателю по спорту ( куратору по физкультуре ) пакет документов ( https : / / www. utmn. ru / upload / medialibrary / 676 / Polozhenie - o - realizatsii - distsiplin - _ moduley _ - po - fizicheskoy - kulture - _ sportu _. pdf ) и приходит на зачётное мероприятие. ВАЖНО!!! Все документы должны быть предоставлены в течение первой учебной недели. Список ответственных за прием документов спортзала по институтам ( Ленина, 6 ) : 1. ИГиП, Антропошкола [UNK] Пырлич Юлия Васильевна ( y. v. pyrlich @ utmn. ru ) 2. СоцГум - Ерженин Владимир Сергеевич ( v. s. erzhenin @ utmn. ru ) 3. ФЭИ - Копякова Анна Леонидовна ( a. l. kopyakova @ utmn. ru ) 4. ИнЗем - Питулин Артём Владимирович ( a. v. pitulin @ utmn. ru ) 5. ФТИ, ИнХим, ШЕН [UNK] Пырлич Юлия Васильевна ( y. v. pyrlich @ utmn. ru ) 6. ИнБио - Криводанова Наталья Александровна ( n. a. krivodanova @ utmn. ru ) 7. Школа образования - Баянов Николай Ильич ( n. i. bayanov @ utmn. ru ) 8. ШКН - Тверских Владислав Владимирович ( vl. v. tverskikh @ utmn. ru ) # физкультура"
104,Где можно узнать об элективах?,86479065,"Прежде, чем выбрать элективы, рекомендуем почитать отзывы на сервисе « Отзывус » : https : / / electives. utmn. ru. Там же можно написать о своём опыте изучения элективных дисциплин. Информация, о том, как поменять электив, отправляется на корпоративную почту в первую учебную неделю семестра."
105,"Мне не нравится электив, на который я записался, что делать?",86479065,"Прежде, чем выбрать элективы, рекомендуем почитать отзывы на сервисе « Отзывус » : https : / / electives. utmn. ru. Там же можно написать о своём опыте изучения элективных дисциплин. Информация, о том, как поменять электив, отправляется на корпоративную почту в первую учебную неделю семестра."
106,Могу ли я в последний момент отказаться от смены электива?,86479065,"Прежде, чем выбрать элективы, рекомендуем почитать отзывы на сервисе « Отзывус » : https : / / electives. utmn. ru. Там же можно написать о своём опыте изучения элективных дисциплин. Информация, о том, как поменять электив, отправляется на корпоративную почту в первую учебную неделю семестра."
107,где почитать отзывы на элективы?,86479065,"Прежде, чем выбрать элективы, рекомендуем почитать отзывы на сервисе « Отзывус » : https : / / electives. utmn. ru. Там же можно написать о своём опыте изучения элективных дисциплин. Информация, о том, как поменять электив, отправляется на корпоративную почту в первую учебную неделю семестра."
108,когда можно поменять элективы?,86479065,"Прежде, чем выбрать элективы, рекомендуем почитать отзывы на сервисе « Отзывус » : https : / / electives. utmn. ru. Там же можно написать о своём опыте изучения элективных дисциплин. Информация, о том, как поменять электив, отправляется на корпоративную почту в первую учебную неделю семестра."
109,как выбрать электив?,86479065,"Прежде, чем выбрать элективы, рекомендуем почитать отзывы на сервисе « Отзывус » : https : / / electives. utmn. ru. Там же можно написать о своём опыте изучения элективных дисциплин. Информация, о том, как поменять электив, отправляется на корпоративную почту в первую учебную неделю семестра."
110,где посмотреть отзывы на элективы?,86479065,"Прежде, чем выбрать элективы, рекомендуем почитать отзывы на сервисе « Отзывус » : https : / / electives. utmn. ru. Там же можно написать о своём опыте изучения элективных дисциплин. Информация, о том, как поменять электив, отправляется на корпоративную почту в первую учебную неделю семестра."
